"Trailer Number","Type Code","Type Description","Terminal/Office","License Plate","State/Province"
="112103","TL","Semi truck trailer","1805 CHEMIN SAINT-FRANCOIS","RG1891N","QC"
="112125","TL","Semi truck trailer","1805 CHEMIN SAINT-FRANCOIS","RH9631F","QC"
"2TG-01","TL","Semi truck trailer","1805 CHEMIN SAINT-FRANCOIS","RP0044V","QC"
"2TG-02","TL","Semi truck trailer","1805 CHEMIN SAINT-FRANCOIS","RP0043V","QC"
"2TG-03","TL","Semi truck trailer","1805 CHEMIN SAINT-FRANCOIS","RP0494C","QC"
"2TG-04","TL","Semi truck trailer","1805 CHEMIN SAINT-FRANCOIS","RR0271V","QC"
"2TG-05","TL","Semi truck trailer","1805 CHEMIN SAINT-FRANCOIS","RR0272V","QC"
"2TG-06","TL","Semi truck trailer","1805 CHEMIN SAINT-FRANCOIS","RR0273V","QC"
="311","TL","Semi truck trailer","1805 CHEMIN SAINT-FRANCOIS","RE9048L","QC"
="313","TF","Trailer (Dry freight)","1805 CHEMIN SAINT-FRANCOIS","RT2328G","QC"
="319","TL","Semi truck trailer","1805 CHEMIN SAINT-FRANCOIS","RJ9355M","QC"
="320","TF","Trailer (Dry freight)","1805 CHEMIN SAINT-FRANCOIS","RK3254M","QC"
="322","TF","Trailer (Dry freight)","1805 CHEMIN SAINT-FRANCOIS","RM9142E","QC"
="323","TF","Trailer (Dry freight)","1805 CHEMIN SAINT-FRANCOIS","RZ28994","QC"
="324","TF","Trailer (Dry freight)","1805 CHEMIN SAINT-FRANCOIS","RR7941W","QC"
="325","TF","Trailer (Dry freight)","1805 CHEMIN SAINT-FRANCOIS","RF1480G","QC"
="326","TL","Semi truck trailer","1805 CHEMIN SAINT-FRANCOIS","RN0822V","QC"
="327","TL","Semi truck trailer","1805 CHEMIN SAINT-FRANCOIS","RL3952J","QC"
="328","TL","Semi truck trailer","1805 CHEMIN SAINT-FRANCOIS","RF7851K","QC"
="328110","TL","Semi truck trailer","1805 CHEMIN SAINT-FRANCOIS","RH8645K","QC"
="328139","TL","Semi truck trailer","1805 CHEMIN SAINT-FRANCOIS","RH5395R","QC"
="329","TL","Semi truck trailer","1805 CHEMIN SAINT-FRANCOIS","RE9049L","QC"
="330","TL","Semi truck trailer","1805 CHEMIN SAINT-FRANCOIS","RE9051L","QC"
="3301","TL","Semi truck trailer","1805 CHEMIN SAINT-FRANCOIS","RL2852Y","QC"
="3302","TL","Semi truck trailer","1805 CHEMIN SAINT-FRANCOIS","RL2854Y","QC"
="3303","TL","Semi truck trailer","1805 CHEMIN SAINT-FRANCOIS","RL4774W","QC"
="3304","TL","Semi truck trailer","1805 CHEMIN SAINT-FRANCOIS","RL3035Y","QC"
="3305","TL","Semi truck trailer","1805 CHEMIN SAINT-FRANCOIS","RL3030Y","QC"
="3306","TL","Semi truck trailer","1805 CHEMIN SAINT-FRANCOIS","RL4284R","QC"
="3307","TL","Semi truck trailer","1805 CHEMIN SAINT-FRANCOIS","RL4285R","QC"
="3308","TL","Semi truck trailer","1805 CHEMIN SAINT-FRANCOIS","RL4286R","QC"
="3309","TL","Semi truck trailer","1805 CHEMIN SAINT-FRANCOIS","RL4287R","QC"
="331","OE","Other","1805 CHEMIN SAINT-FRANCOIS","RF1478G","QC"
="3310","TL","Semi truck trailer","1805 CHEMIN SAINT-FRANCOIS","RL4288R","QC"
="3311","TF","Trailer (Dry freight)","1805 CHEMIN SAINT-FRANCOIS","RL4289R","QC"
="3312","TL","Semi truck trailer","1805 CHEMIN SAINT-FRANCOIS","RL4290R","QC"
="3313","TL","Semi truck trailer","1805 CHEMIN SAINT-FRANCOIS","RL4291R","QC"
="3314","TL","Semi truck trailer","1805 CHEMIN SAINT-FRANCOIS","RL4292R","QC"
="3315","TL","Semi truck trailer","1805 CHEMIN SAINT-FRANCOIS","RL4293R","QC"
="3316","TL","Semi truck trailer","1805 CHEMIN SAINT-FRANCOIS","RR6244Y","QC"
="3317","TL","Semi truck trailer","1805 CHEMIN SAINT-FRANCOIS","RN6017F","QC"
="3318","TL","Semi truck trailer","1805 CHEMIN SAINT-FRANCOIS","RN6018F","QC"
="3319","TL","Semi truck trailer","1805 CHEMIN SAINT-FRANCOIS","RN6019F","QC"
="332","TL","Semi truck trailer","1805 CHEMIN SAINT-FRANCOIS","RG6718P","QC"
="3320","TL","Semi truck trailer","1805 CHEMIN SAINT-FRANCOIS","RN6020F","QC"
="3321","TL","Semi truck trailer","1805 CHEMIN SAINT-FRANCOIS","RN6021F","QC"
="3322","TL","Semi truck trailer","1805 CHEMIN SAINT-FRANCOIS","RN6094F","QC"
="3323","TL","Semi truck trailer","1805 CHEMIN SAINT-FRANCOIS","RN6095F","QC"
="3324","TL","Semi truck trailer","1805 CHEMIN SAINT-FRANCOIS","RN6096F","QC"
="3325","TF","Trailer (Dry freight)","1805 CHEMIN SAINT-FRANCOIS","RN6116F","QC"
="3326","TF","Trailer (Dry freight)","1805 CHEMIN SAINT-FRANCOIS","RN6118F","QC"
="3327","TL","Semi truck trailer","1805 CHEMIN SAINT-FRANCOIS","RN6125F","QC"
="3328","TL","Semi truck trailer","1805 CHEMIN SAINT-FRANCOIS","RN6126F","QC"
="3329","TL","Semi truck trailer","1805 CHEMIN SAINT-FRANCOIS","RN6127F","QC"
="333","TL","Semi truck trailer","1805 CHEMIN SAINT-FRANCOIS","RF1479G","QC"
="3330","TL","Semi truck trailer","1805 CHEMIN SAINT-FRANCOIS","RE0521N","QC"
="3331","TL","Semi truck trailer","1805 CHEMIN SAINT-FRANCOIS","RE0523N","QC"
="3332","TL","Semi truck trailer","1805 CHEMIN SAINT-FRANCOIS","RE0525N","QC"
="3333","TF","Trailer (Dry freight)","1805 CHEMIN SAINT-FRANCOIS","RN0843V","QC"
="3334","TL","Semi truck trailer","1805 CHEMIN SAINT-FRANCOIS","RN3089X","QC"
="3335","TL","Semi truck trailer","1805 CHEMIN SAINT-FRANCOIS","RN0844V","QC"
="3336","TL","Semi truck trailer","1805 CHEMIN SAINT-FRANCOIS","RN6575W","QC"
="3337","TL","Semi truck trailer","1805 CHEMIN SAINT-FRANCOIS","RN6574W","QC"
="3339","TL","Semi truck trailer","1805 CHEMIN SAINT-FRANCOIS","RN3090X","QC"
="334","TL","Semi truck trailer","1805 CHEMIN SAINT-FRANCOIS","RE5516V","QC"
="3340","TL","Semi truck trailer","1805 CHEMIN SAINT-FRANCOIS","RN6589W","QC"
="3341","TL","Semi truck trailer","1805 CHEMIN SAINT-FRANCOIS","RN3091X","QC"
="3342","TF","Trailer (Dry freight)","1805 CHEMIN SAINT-FRANCOIS","RN6588W","QC"
="3343","TL","Semi truck trailer","1805 CHEMIN SAINT-FRANCOIS","RN6587W","QC"
="3344","TL","Semi truck trailer","1805 CHEMIN SAINT-FRANCOIS","RN3093X","QC"
="3345","TL","Semi truck trailer","1805 CHEMIN SAINT-FRANCOIS","RN3094X","QC"
="3346","TL","Semi truck trailer","1805 CHEMIN SAINT-FRANCOIS","RN3095X","QC"
="3347","TL","Semi truck trailer","1805 CHEMIN SAINT-FRANCOIS","RN3096X","QC"
="3348","TL","Semi truck trailer","1805 CHEMIN SAINT-FRANCOIS","RN3032X","QC"
="3349","TL","Semi truck trailer","1805 CHEMIN SAINT-FRANCOIS","RN3092X","QC"
="3350","TL","Semi truck trailer","1805 CHEMIN SAINT-FRANCOIS","RN3033X","QC"
="3351","TL","Semi truck trailer","1805 CHEMIN SAINT-FRANCOIS","RN3034X","QC"
="3352","TF","Trailer (Dry freight)","1805 CHEMIN SAINT-FRANCOIS","RN3035X","QC"
="3353","TF","Trailer (Dry freight)","1805 CHEMIN SAINT-FRANCOIS","RP7115F","QC"
="3354","TL","Semi truck trailer","1805 CHEMIN SAINT-FRANCOIS","RP7116F","QC"
="3355","TL","Semi truck trailer","1805 CHEMIN SAINT-FRANCOIS","RP7117F","QC"
="3356","TL","Semi truck trailer","1805 CHEMIN SAINT-FRANCOIS","RP7118F","QC"
="3357","TL","Semi truck trailer","1805 CHEMIN SAINT-FRANCOIS","RP7119F","QC"
="3358","TL","Semi truck trailer","1805 CHEMIN SAINT-FRANCOIS","RP7120F","QC"
="3359","TL","Semi truck trailer","1805 CHEMIN SAINT-FRANCOIS","RP7121F","QC"
="336","TL","Semi truck trailer","1805 CHEMIN SAINT-FRANCOIS","RC9035K","QC"
="3360","TL","Semi truck trailer","1805 CHEMIN SAINT-FRANCOIS","RP7122F","QC"
="3361","TL","Semi truck trailer","1805 CHEMIN SAINT-FRANCOIS","RP7123F","QC"
="3362","TL","Semi truck trailer","1805 CHEMIN SAINT-FRANCOIS","RP7061F","QC"
="3363","TL","Semi truck trailer","1805 CHEMIN SAINT-FRANCOIS","RP5527A","QC"
="3364","TF","Trailer (Dry freight)","1805 CHEMIN SAINT-FRANCOIS","RP5540A","QC"
="3366","TL","Semi truck trailer","1805 CHEMIN SAINT-FRANCOIS","RP7007F","QC"
="3367","TL","Semi truck trailer","1805 CHEMIN SAINT-FRANCOIS","RP7008F","QC"
="3368","TL","Semi truck trailer","1805 CHEMIN SAINT-FRANCOIS","RR3753W","QC"
="3369","TL","Semi truck trailer","1805 CHEMIN SAINT-FRANCOIS","RR3754W","QC"
="337","TL","Semi truck trailer","1805 CHEMIN SAINT-FRANCOIS","RC8849K","QC"
="3370","TL","Semi truck trailer","1805 CHEMIN SAINT-FRANCOIS","RR3755W","QC"
="3371","TL","Semi truck trailer","1805 CHEMIN SAINT-FRANCOIS","RR3756W","QC"
="3372","TL","Semi truck trailer","1805 CHEMIN SAINT-FRANCOIS","RR3757W","QC"
="3373","TL","Semi truck trailer","1805 CHEMIN SAINT-FRANCOIS","RR3758W","QC"
="3374","TL","Semi truck trailer","1805 CHEMIN SAINT-FRANCOIS","RR3759W","QC"
="3375","TL","Semi truck trailer","1805 CHEMIN SAINT-FRANCOIS","RR3760W","QC"
="3376","TL","Semi truck trailer","1805 CHEMIN SAINT-FRANCOIS","RR3761W","QC"
="3377","TL","Semi truck trailer","1805 CHEMIN SAINT-FRANCOIS","RR3762W","QC"
="3378","TL","Semi truck trailer","1805 CHEMIN SAINT-FRANCOIS","RR3763W","QC"
="3379","TL","Semi truck trailer","1805 CHEMIN SAINT-FRANCOIS","RR3764W","QC"
="338","TL","Semi truck trailer","1805 CHEMIN SAINT-FRANCOIS","RC9031K","QC"
="3380","TL","Semi truck trailer","1805 CHEMIN SAINT-FRANCOIS","RR3765W","QC"
="3381","TL","Semi truck trailer","1805 CHEMIN SAINT-FRANCOIS","RR3766W","QC"
="3382","TL","Semi truck trailer","1805 CHEMIN SAINT-FRANCOIS","RR3767W","QC"
="339","TF","Trailer (Dry freight)","1805 CHEMIN SAINT-FRANCOIS","RC9034K","QC"
="340","TL","Semi truck trailer","1805 CHEMIN SAINT-FRANCOIS","RR2604A","QC"
="342","OE","Other","1805 CHEMIN SAINT-FRANCOIS","RT6156N","QC"
="343","TL","Semi truck trailer","1805 CHEMIN SAINT-FRANCOIS","RJ2676A","QC"
="345","TF","Trailer (Dry freight)","1805 CHEMIN SAINT-FRANCOIS","RC4406Z","QC"
="347","TL","Semi truck trailer","1805 CHEMIN SAINT-FRANCOIS","RR6342R","QC"
="348","TF","Trailer (Dry freight)","1805 CHEMIN SAINT-FRANCOIS","RC4235Z","QC"
="349","TL","Semi truck trailer","1805 CHEMIN SAINT-FRANCOIS","RN7571N","QC"
="350","TL","Semi truck trailer","1805 CHEMIN SAINT-FRANCOIS","RC4233Z","QC"
="353","TF","Trailer (Dry freight)","1805 CHEMIN SAINT-FRANCOIS","RF7659K","QC"
="354","TF","Trailer (Dry freight)","1805 CHEMIN SAINT-FRANCOIS","RD2523K","QC"
="355","OE","Other","1805 CHEMIN SAINT-FRANCOIS","RD2521K","QC"
="357","TL","Semi truck trailer","1805 CHEMIN SAINT-FRANCOIS","RD2525K","QC"
="364","TL","Semi truck trailer","1805 CHEMIN SAINT-FRANCOIS","RE9050L","QC"
="365","TL","Semi truck trailer","1805 CHEMIN SAINT-FRANCOIS","RE3104R","QC"
="366","TL","Semi truck trailer","1805 CHEMIN SAINT-FRANCOIS","RH5719Y","QC"
="367","OE","Other","1805 CHEMIN SAINT-FRANCOIS","RE3106R","QC"
="368","TL","Semi truck trailer","1805 CHEMIN SAINT-FRANCOIS","RE3107R","QC"
="369","TF","Trailer (Dry freight)","1805 CHEMIN SAINT-FRANCOIS","RE5515V","QC"
="370","TL","Semi truck trailer","1805 CHEMIN SAINT-FRANCOIS","RR5546E","QC"
="371","TL","Semi truck trailer","1805 CHEMIN SAINT-FRANCOIS","RE5513V","QC"
="372","TL","Semi truck trailer","1805 CHEMIN SAINT-FRANCOIS","RE5773V","QC"
="373","TF","Trailer (Dry freight)","1805 CHEMIN SAINT-FRANCOIS","RT2943C","QC"
="374","TL","Semi truck trailer","1805 CHEMIN SAINT-FRANCOIS","RE5775V","QC"
="375","TF","Trailer (Dry freight)","1805 CHEMIN SAINT-FRANCOIS","RP6484X","QC"
="381","TL","Semi truck trailer","1805 CHEMIN SAINT-FRANCOIS","RF1677N","QC"
="382","TL","Semi truck trailer","1805 CHEMIN SAINT-FRANCOIS","RF1676N","QC"
="383","TF","Trailer (Dry freight)","1805 CHEMIN SAINT-FRANCOIS","RF1675N","QC"
="384","TL","Semi truck trailer","1805 CHEMIN SAINT-FRANCOIS","RN7552N","QC"
="385","TL","Semi truck trailer","1805 CHEMIN SAINT-FRANCOIS","RF1673N","QC"
"401R","TW","Controlled temperature trailer","1805 CHEMIN SAINT-FRANCOIS","RT1900L","QC"
"402R","TW","Controlled temperature trailer","1805 CHEMIN SAINT-FRANCOIS","RR7752R","QC"
"403R","TW","Controlled temperature trailer","1805 CHEMIN SAINT-FRANCOIS","RT5602W","QC"
"404R","TW","Controlled temperature trailer","1805 CHEMIN SAINT-FRANCOIS","RG3408P","QC"
"405R","TW","Controlled temperature trailer","1805 CHEMIN SAINT-FRANCOIS","RG3407P","QC"
"406R","TW","Controlled temperature trailer","1805 CHEMIN SAINT-FRANCOIS","RG3406P","QC"
"407R","TW","Controlled temperature trailer","1805 CHEMIN SAINT-FRANCOIS","RG3405P","QC"
"408R","TW","Controlled temperature trailer","1805 CHEMIN SAINT-FRANCOIS","RG3404P","QC"
"409R","TW","Controlled temperature trailer","1805 CHEMIN SAINT-FRANCOIS","RH3406K","QC"
="4100","TF","Trailer (Dry freight)","1805 CHEMIN SAINT-FRANCOIS","RR4940R","QC"
="4101","TF","Trailer (Dry freight)","1805 CHEMIN SAINT-FRANCOIS","RR4941R","QC"
="4102","TF","Trailer (Dry freight)","1805 CHEMIN SAINT-FRANCOIS","RR4942R","QC"
="4103","TF","Trailer (Dry freight)","1805 CHEMIN SAINT-FRANCOIS","RR4943R","QC"
="4104","TF","Trailer (Dry freight)","1805 CHEMIN SAINT-FRANCOIS","RR4944R","QC"
="4105","TF","Trailer (Dry freight)","1805 CHEMIN SAINT-FRANCOIS","RR4945R","QC"
="4106","TF","Trailer (Dry freight)","1805 CHEMIN SAINT-FRANCOIS","RR4946R","QC"
="4107","TF","Trailer (Dry freight)","1805 CHEMIN SAINT-FRANCOIS","RR4947R","QC"
="4108","TF","Trailer (Dry freight)","1805 CHEMIN SAINT-FRANCOIS","RR4948R","QC"
="4109","TF","Trailer (Dry freight)","1805 CHEMIN SAINT-FRANCOIS","RR4949R","QC"
"410R","TW","Controlled temperature trailer","1805 CHEMIN SAINT-FRANCOIS","RH3797K","QC"
"411R","TW","Controlled temperature trailer","1805 CHEMIN SAINT-FRANCOIS","RH3404K","QC"
"412R","TW","Controlled temperature trailer","1805 CHEMIN SAINT-FRANCOIS","RH3407K","QC"
"413R","TW","Controlled temperature trailer","1805 CHEMIN SAINT-FRANCOIS","RH3405K","QC"
"414R","TW","Controlled temperature trailer","1805 CHEMIN SAINT-FRANCOIS","RH3403K","QC"
"415R","TW","Controlled temperature trailer","1805 CHEMIN SAINT-FRANCOIS","RH5231C","QC"
"416R","TW","Controlled temperature trailer","1805 CHEMIN SAINT-FRANCOIS","RR2363Y","QC"
"417R","TW","Controlled temperature trailer","1805 CHEMIN SAINT-FRANCOIS","RH3401K","QC"
"418R","TW","Controlled temperature trailer","1805 CHEMIN SAINT-FRANCOIS","RH3793K","QC"
"419R","TW","Controlled temperature trailer","1805 CHEMIN SAINT-FRANCOIS","RK2409L","QC"
"4201R","TW","Controlled temperature trailer","1805 CHEMIN SAINT-FRANCOIS","RT0667M","QC"
"4202R","TL","Semi truck trailer","1805 CHEMIN SAINT-FRANCOIS","RT0668M","QC"
"4203R","TW","Controlled temperature trailer","1805 CHEMIN SAINT-FRANCOIS","RT0669M","QC"
"4204R","TW","Controlled temperature trailer","1805 CHEMIN SAINT-FRANCOIS","RT2624M","QC"
"4205R","TW","Controlled temperature trailer","1805 CHEMIN SAINT-FRANCOIS","RT0670M","QC"
"4206R","TW","Controlled temperature trailer","1805 CHEMIN SAINT-FRANCOIS","RT2631M","QC"
"4207R","TW","Controlled temperature trailer","1805 CHEMIN SAINT-FRANCOIS","RT0666M","QC"
"4208R","TW","Controlled temperature trailer","1805 CHEMIN SAINT-FRANCOIS","RT2629M","QC"
"420R","TW","Controlled temperature trailer","1805 CHEMIN SAINT-FRANCOIS","RK2410L","QC"
"421R","TW","Controlled temperature trailer","1805 CHEMIN SAINT-FRANCOIS","RK2411L","QC"
"422R","TL","Semi truck trailer","1805 CHEMIN SAINT-FRANCOIS","RK2412L","QC"
"423R","TW","Controlled temperature trailer","1805 CHEMIN SAINT-FRANCOIS","RK2413L","QC"
"424R","TW","Controlled temperature trailer","1805 CHEMIN SAINT-FRANCOIS","RK8415C","QC"
"425R","TW","Controlled temperature trailer","1805 CHEMIN SAINT-FRANCOIS","RK8414C","QC"
"426R","TW","Controlled temperature trailer","1805 CHEMIN SAINT-FRANCOIS","RK8413C","QC"
"427R","TW","Controlled temperature trailer","1805 CHEMIN SAINT-FRANCOIS","RK8412C","QC"
"428R","TW","Controlled temperature trailer","1805 CHEMIN SAINT-FRANCOIS","RK8411C","QC"
"429R","TW","Controlled temperature trailer","1805 CHEMIN SAINT-FRANCOIS","RL6114L","QC"
"4301R","TW","Controlled temperature trailer","1805 CHEMIN SAINT-FRANCOIS","RP8609M","QC"
"4302R","TW","Controlled temperature trailer","1805 CHEMIN SAINT-FRANCOIS","RP8608M","QC"
"4303R","TW","Controlled temperature trailer","1805 CHEMIN SAINT-FRANCOIS","RP8607M","QC"
"4304R","TW","Controlled temperature trailer","1805 CHEMIN SAINT-FRANCOIS","RP8606M","QC"
"4305R","TW","Controlled temperature trailer","1805 CHEMIN SAINT-FRANCOIS","RT4288M","QC"
"4307R","TW","Controlled temperature trailer","1805 CHEMIN SAINT-FRANCOIS","RT4289M","QC"
"4308R","TW","Controlled temperature trailer","1805 CHEMIN SAINT-FRANCOIS","RT4290M","QC"
"4309R","TW","Controlled temperature trailer","1805 CHEMIN SAINT-FRANCOIS","RT4291M","QC"
"430R","TW","Controlled temperature trailer","1805 CHEMIN SAINT-FRANCOIS","RL6113L","QC"
"4310R","TW","Controlled temperature trailer","1805 CHEMIN SAINT-FRANCOIS","RT4292M","QC"
"4311R","TW","Controlled temperature trailer","1805 CHEMIN SAINT-FRANCOIS","RT4293M","QC"
"4312R","TW","Controlled temperature trailer","1805 CHEMIN SAINT-FRANCOIS","RT4294M","QC"
"4313R","TW","Controlled temperature trailer","1805 CHEMIN SAINT-FRANCOIS","RT4295M","QC"
"4314R","TW","Controlled temperature trailer","1805 CHEMIN SAINT-FRANCOIS","RT4296M","QC"
"4315R","TW","Controlled temperature trailer","1805 CHEMIN SAINT-FRANCOIS","RT4297M","QC"
"4316R","TW","Controlled temperature trailer","1805 CHEMIN SAINT-FRANCOIS","RT4298M","QC"
"431R","TW","Controlled temperature trailer","1805 CHEMIN SAINT-FRANCOIS","RR6167X","QC"
"432R","TW","Controlled temperature trailer","1805 CHEMIN SAINT-FRANCOIS","RL6111L","QC"
"433R","TW","Controlled temperature trailer","1805 CHEMIN SAINT-FRANCOIS","RL6110L","QC"
"434R","TW","Controlled temperature trailer","1805 CHEMIN SAINT-FRANCOIS","RL6109L","QC"
"436R","TW","Controlled temperature trailer","1805 CHEMIN SAINT-FRANCOIS","RT5346E","QC"
"437R","TW","Controlled temperature trailer","1805 CHEMIN SAINT-FRANCOIS","RL6106L","QC"
"438R","TW","Controlled temperature trailer","1805 CHEMIN SAINT-FRANCOIS","RR6514M","QC"
"439R","TW","Controlled temperature trailer","1805 CHEMIN SAINT-FRANCOIS","RN7542N","QC"
"440R","TW","Controlled temperature trailer","1805 CHEMIN SAINT-FRANCOIS","RN7541N","QC"
"441R","TW","Controlled temperature trailer","1805 CHEMIN SAINT-FRANCOIS","RN7540N","QC"
="4427","TL","Semi truck trailer","1805 CHEMIN SAINT-FRANCOIS","X6329R","ON"
"442R","TW","Controlled temperature trailer","1805 CHEMIN SAINT-FRANCOIS","RN7596N","QC"
"443R","TW","Controlled temperature trailer","1805 CHEMIN SAINT-FRANCOIS","RN7595N","QC"
"444R","TW","Controlled temperature trailer","1805 CHEMIN SAINT-FRANCOIS","RN7594N","QC"
"445R","TW","Controlled temperature trailer","1805 CHEMIN SAINT-FRANCOIS","RN7565N","QC"
"446R","TW","Controlled temperature trailer","1805 CHEMIN SAINT-FRANCOIS","RN7551N","QC"
"447R","TW","Controlled temperature trailer","1805 CHEMIN SAINT-FRANCOIS","RN7549N","QC"
"448R","TW","Controlled temperature trailer","1805 CHEMIN SAINT-FRANCOIS","RR4089W","QC"
"449R","TW","Controlled temperature trailer","1805 CHEMIN SAINT-FRANCOIS","RN0602V","QC"
"450R","TW","Controlled temperature trailer","1805 CHEMIN SAINT-FRANCOIS","RN0603V","QC"
"451R","TW","Controlled temperature trailer","1805 CHEMIN SAINT-FRANCOIS","RN0604V","QC"
"452R","TW","Controlled temperature trailer","1805 CHEMIN SAINT-FRANCOIS","RT3649C","QC"
"453R","TW","Controlled temperature trailer","1805 CHEMIN SAINT-FRANCOIS","RN0606V","QC"
"454R","TW","Controlled temperature trailer","1805 CHEMIN SAINT-FRANCOIS","RN0607V","QC"
"455R","TW","Controlled temperature trailer","1805 CHEMIN SAINT-FRANCOIS","RN0608V","QC"
"456R","TW","Controlled temperature trailer","1805 CHEMIN SAINT-FRANCOIS","RN0609V","QC"
"457R","TW","Controlled temperature trailer","1805 CHEMIN SAINT-FRANCOIS","RN0610V","QC"
"458R","TW","Controlled temperature trailer","1805 CHEMIN SAINT-FRANCOIS","RN0611V","QC"
"459R","TW","Controlled temperature trailer","1805 CHEMIN SAINT-FRANCOIS","RN0650V","QC"
"460R","TW","Controlled temperature trailer","1805 CHEMIN SAINT-FRANCOIS","RN0651V","QC"
"461R","TW","Controlled temperature trailer","1805 CHEMIN SAINT-FRANCOIS","RN0662V","QC"
"462R","TW","Controlled temperature trailer","1805 CHEMIN SAINT-FRANCOIS","RN0652V","QC"
"463R","TW","Controlled temperature trailer","1805 CHEMIN SAINT-FRANCOIS","RN0653V","QC"
"464R","TW","Controlled temperature trailer","1805 CHEMIN SAINT-FRANCOIS","RT0680W","QC"
"465R","TW","Controlled temperature trailer","1805 CHEMIN SAINT-FRANCOIS","RR3801L","QC"
"466R","TW","Controlled temperature trailer","1805 CHEMIN SAINT-FRANCOIS","RR4449Y","QC"
"467R","TW","Controlled temperature trailer","1805 CHEMIN SAINT-FRANCOIS","RN0657V","QC"
"468R","TW","Controlled temperature trailer","1805 CHEMIN SAINT-FRANCOIS","RN0658V","QC"
"469R","TW","Controlled temperature trailer","1805 CHEMIN SAINT-FRANCOIS","RK4332V","QC"
"470R","TW","Controlled temperature trailer","1805 CHEMIN SAINT-FRANCOIS","RK4369V","QC"
"471R","TW","Controlled temperature trailer","1805 CHEMIN SAINT-FRANCOIS","RK4334V","QC"
"472R","TW","Controlled temperature trailer","1805 CHEMIN SAINT-FRANCOIS","RN8200K","QC"
"473R","TW","Controlled temperature trailer","1805 CHEMIN SAINT-FRANCOIS","RN8199K","QC"
"474R","TW","Controlled temperature trailer","1805 CHEMIN SAINT-FRANCOIS","RN8198K","QC"
"475R","TW","Controlled temperature trailer","1805 CHEMIN SAINT-FRANCOIS","RK4368V","QC"
"476R","TW","Controlled temperature trailer","1805 CHEMIN SAINT-FRANCOIS","RK4367V","QC"
"477R","TW","Controlled temperature trailer","1805 CHEMIN SAINT-FRANCOIS","RN8179K","QC"
"478R","TW","Controlled temperature trailer","1805 CHEMIN SAINT-FRANCOIS","RK4366V","QC"
"479R","TW","Controlled temperature trailer","1805 CHEMIN SAINT-FRANCOIS","RN8196K","QC"
"480R","TW","Controlled temperature trailer","1805 CHEMIN SAINT-FRANCOIS","RN8195K","QC"
"481R","TW","Controlled temperature trailer","1805 CHEMIN SAINT-FRANCOIS","RN8194K","QC"
"482R","TW","Controlled temperature trailer","1805 CHEMIN SAINT-FRANCOIS","RN8190K","QC"
"483R","TW","Controlled temperature trailer","1805 CHEMIN SAINT-FRANCOIS","RK4365V","QC"
"484R","TW","Controlled temperature trailer","1805 CHEMIN SAINT-FRANCOIS","RK4364V","QC"
"485R","TW","Controlled temperature trailer","1805 CHEMIN SAINT-FRANCOIS","RP4516K","QC"
"486R","TW","Controlled temperature trailer","1805 CHEMIN SAINT-FRANCOIS","RK4362V","QC"
"487R","TW","Controlled temperature trailer","1805 CHEMIN SAINT-FRANCOIS","RK4361V","QC"
"488R","TW","Controlled temperature trailer","1805 CHEMIN SAINT-FRANCOIS","RK4360V","QC"
"489R","TW","Controlled temperature trailer","1805 CHEMIN SAINT-FRANCOIS","RT4299M","QC"
="490","TF","Trailer (Dry freight)","1805 CHEMIN SAINT-FRANCOIS","RL6383W","QC"
="491","TF","Trailer (Dry freight)","1805 CHEMIN SAINT-FRANCOIS","RT6158N","QC"
="492","TF","Trailer (Dry freight)","1805 CHEMIN SAINT-FRANCOIS","RL6339W","QC"
="493","TF","Trailer (Dry freight)","1805 CHEMIN SAINT-FRANCOIS","RL6341W","QC"
="494","TF","Trailer (Dry freight)","1805 CHEMIN SAINT-FRANCOIS","RL6382W","QC"
"494L","TF","Trailer (Dry freight)","1805 CHEMIN SAINT-FRANCOIS","RL6382W","QC"
="495","TF","Trailer (Dry freight)","1805 CHEMIN SAINT-FRANCOIS","RR4935R","QC"
="496","TW","Controlled temperature trailer","1805 CHEMIN SAINT-FRANCOIS","RR4936R","QC"
="497","TF","Trailer (Dry freight)","1805 CHEMIN SAINT-FRANCOIS","RR4937R","QC"
="498","TF","Trailer (Dry freight)","1805 CHEMIN SAINT-FRANCOIS","RR4938R","QC"
="499","TF","Trailer (Dry freight)","1805 CHEMIN SAINT-FRANCOIS","RR4939R","QC"
="501","TL","Semi truck trailer","1805 CHEMIN SAINT-FRANCOIS","RF0795Y","QC"
="502","TL","Semi truck trailer","1805 CHEMIN SAINT-FRANCOIS","RF0796Y","QC"
="503","TF","Trailer (Dry freight)","1805 CHEMIN SAINT-FRANCOIS","RF0797Y","QC"
="504","TL","Semi truck trailer","1805 CHEMIN SAINT-FRANCOIS","RF0798Y","QC"
="505","TL","Semi truck trailer","1805 CHEMIN SAINT-FRANCOIS","RF0799Y","QC"
="506","TL","Semi truck trailer","1805 CHEMIN SAINT-FRANCOIS","RR5273X","QC"
="507","TL","Semi truck trailer","1805 CHEMIN SAINT-FRANCOIS","RG0551K","QC"
="508","TL","Semi truck trailer","1805 CHEMIN SAINT-FRANCOIS","RG0550K","QC"
="509","TL","Semi truck trailer","1805 CHEMIN SAINT-FRANCOIS","RG0549K","QC"
="510","TL","Semi truck trailer","1805 CHEMIN SAINT-FRANCOIS","RG0548K","QC"
="5100","TL","Semi truck trailer","1805 CHEMIN SAINT-FRANCOIS","RP5416A","QC"
="5101","OE","Other","1805 CHEMIN SAINT-FRANCOIS","RP5417A","QC"
="5102","TL","Semi truck trailer","1805 CHEMIN SAINT-FRANCOIS","RP5418A","QC"
="5103","TL","Semi truck trailer","1805 CHEMIN SAINT-FRANCOIS","RP6930F","QC"
="5104","TL","Semi truck trailer","1805 CHEMIN SAINT-FRANCOIS","RN8141K","QC"
="5105","TL","Semi truck trailer","1805 CHEMIN SAINT-FRANCOIS","RN8142K","QC"
="5106","TL","Semi truck trailer","1805 CHEMIN SAINT-FRANCOIS","RN8143K","QC"
="5107","TL","Semi truck trailer","1805 CHEMIN SAINT-FRANCOIS","RN8144K","QC"
="5108","TL","Semi truck trailer","1805 CHEMIN SAINT-FRANCOIS","RN8145K","QC"
="5109","TL","Semi truck trailer","1805 CHEMIN SAINT-FRANCOIS","RN8146K","QC"
="511","TL","Semi truck trailer","1805 CHEMIN SAINT-FRANCOIS","RH5284C","QC"
="5110","TL","Semi truck trailer","1805 CHEMIN SAINT-FRANCOIS","RN8147K","QC"
="5111","TL","Semi truck trailer","1805 CHEMIN SAINT-FRANCOIS","RN6557W","QC"
="5112","TL","Semi truck trailer","1805 CHEMIN SAINT-FRANCOIS","RN6558W","QC"
="5113","TL","Semi truck trailer","1805 CHEMIN SAINT-FRANCOIS","RN6559W","QC"
="5114","TL","Semi truck trailer","1805 CHEMIN SAINT-FRANCOIS","RN6560W","QC"
="5115","TL","Semi truck trailer","1805 CHEMIN SAINT-FRANCOIS","RN8148K","QC"
="5116","TL","Semi truck trailer","1805 CHEMIN SAINT-FRANCOIS","RN8149K","QC"
="5117","OE","Other","1805 CHEMIN SAINT-FRANCOIS","RN8150K","QC"
="5118","TL","Semi truck trailer","1805 CHEMIN SAINT-FRANCOIS","RP7161F","QC"
="5119","TL","Semi truck trailer","1805 CHEMIN SAINT-FRANCOIS","RP7162F","QC"
="512","TL","Semi truck trailer","1805 CHEMIN SAINT-FRANCOIS","RH5274C","QC"
="5120","TL","Semi truck trailer","1805 CHEMIN SAINT-FRANCOIS","RP6730K","QC"
="5121","TL","Semi truck trailer","1805 CHEMIN SAINT-FRANCOIS","RP6800K","QC"
="5122","TL","Semi truck trailer","1805 CHEMIN SAINT-FRANCOIS","RP7166F","QC"
="5123","TL","Semi truck trailer","1805 CHEMIN SAINT-FRANCOIS","RP7165F","QC"
="5124","TL","Semi truck trailer","1805 CHEMIN SAINT-FRANCOIS","RP6729K","QC"
="5125","TL","Semi truck trailer","1805 CHEMIN SAINT-FRANCOIS","RP7160F","QC"
="5126","TF","Trailer (Dry freight)","1805 CHEMIN SAINT-FRANCOIS","RP8557M","QC"
="5127","TL","Semi truck trailer","1805 CHEMIN SAINT-FRANCOIS","RP8564M","QC"
="5128","TL","Semi truck trailer","1805 CHEMIN SAINT-FRANCOIS","RP8555M","QC"
="5129","TL","Semi truck trailer","1805 CHEMIN SAINT-FRANCOIS","RP8556M","QC"
="513","TL","Semi truck trailer","1805 CHEMIN SAINT-FRANCOIS","RP6858T","QC"
="5130","TL","Semi truck trailer","1805 CHEMIN SAINT-FRANCOIS","RP8558M","QC"
="5131","TL","Semi truck trailer","1805 CHEMIN SAINT-FRANCOIS","RP8559M","QC"
="5132","TL","Semi truck trailer","1805 CHEMIN SAINT-FRANCOIS","RP8560M","QC"
="5134","TL","Semi truck trailer","1805 CHEMIN SAINT-FRANCOIS","RP8562M","QC"
="5135","TL","Semi truck trailer","1805 CHEMIN SAINT-FRANCOIS","RP8563M","QC"
="5136","TL","Semi truck trailer","1805 CHEMIN SAINT-FRANCOIS","RR8665E","QC"
="5137","TL","Semi truck trailer","1805 CHEMIN SAINT-FRANCOIS","RR8659E","QC"
="5138","TL","Semi truck trailer","1805 CHEMIN SAINT-FRANCOIS","RR8651E","QC"
="5139","TL","Semi truck trailer","1805 CHEMIN SAINT-FRANCOIS","RR8639E","QC"
="514","TL","Semi truck trailer","1805 CHEMIN SAINT-FRANCOIS","RT7983A","QC"
="5140","TL","Semi truck trailer","1805 CHEMIN SAINT-FRANCOIS","RR8673E","QC"
="5141","TL","Semi truck trailer","1805 CHEMIN SAINT-FRANCOIS","RR8633E","QC"
="5142","TL","Semi truck trailer","1805 CHEMIN SAINT-FRANCOIS","RR8678E","QC"
="5143","TL","Semi truck trailer","1805 CHEMIN SAINT-FRANCOIS","RR8617E","QC"
="5144","TL","Semi truck trailer","1805 CHEMIN SAINT-FRANCOIS","RR8610E","QC"
="5145","TL","Semi truck trailer","1805 CHEMIN SAINT-FRANCOIS","RR8684E","QC"
="5146","TL","Semi truck trailer","1805 CHEMIN SAINT-FRANCOIS","RR8691E","QC"
="5147","TL","Semi truck trailer","1805 CHEMIN SAINT-FRANCOIS","RR8582E","QC"
="5148","TF","Trailer (Dry freight)","1805 CHEMIN SAINT-FRANCOIS","RR8698E","QC"
="5149","TL","Semi truck trailer","1805 CHEMIN SAINT-FRANCOIS","RR8578E","QC"
="515","TL","Semi truck trailer","1805 CHEMIN SAINT-FRANCOIS","RH5268C","QC"
="5150","TL","Semi truck trailer","1805 CHEMIN SAINT-FRANCOIS","RR8564E","QC"
="5151","OE","Other","1805 CHEMIN SAINT-FRANCOIS","RR8704E","QC"
="5152","TL","Semi truck trailer","1805 CHEMIN SAINT-FRANCOIS","RR8711E","QC"
="5153","TL","Semi truck trailer","1805 CHEMIN SAINT-FRANCOIS","RR8719E","QC"
="5154","TL","Semi truck trailer","1805 CHEMIN SAINT-FRANCOIS","RR8552E","QC"
="5155","TL","Semi truck trailer","1805 CHEMIN SAINT-FRANCOIS","RR8724E","QC"
="5156","OE","Other","1805 CHEMIN SAINT-FRANCOIS","RP6968R","QC"
="5157","OE","Other","1805 CHEMIN SAINT-FRANCOIS","RP6967R","QC"
="5158","TL","Semi truck trailer","1805 CHEMIN SAINT-FRANCOIS","RP6969R","QC"
="5159","TL","Semi truck trailer","1805 CHEMIN SAINT-FRANCOIS","RP6970R","QC"
="516","TL","Semi truck trailer","1805 CHEMIN SAINT-FRANCOIS","RH5269C","QC"
="5160","TF","Trailer (Dry freight)","1805 CHEMIN SAINT-FRANCOIS","RP6971R","QC"
="5161","TL","Semi truck trailer","1805 CHEMIN SAINT-FRANCOIS","RP6972R","QC"
="5162","TL","Semi truck trailer","1805 CHEMIN SAINT-FRANCOIS","RP6973R","QC"
="5163","TL","Semi truck trailer","1805 CHEMIN SAINT-FRANCOIS","RP6974R","QC"
="5164","TL","Semi truck trailer","1805 CHEMIN SAINT-FRANCOIS","RP6975R","QC"
="5165","TL","Semi truck trailer","1805 CHEMIN SAINT-FRANCOIS","RP6976R","QC"
="5166","TL","Semi truck trailer","1805 CHEMIN SAINT-FRANCOIS","RP6977R","QC"
="5167","TL","Semi truck trailer","1805 CHEMIN SAINT-FRANCOIS","RP6978R","QC"
="5168","TL","Semi truck trailer","1805 CHEMIN SAINT-FRANCOIS","RP6979R","QC"
="5169","TL","Semi truck trailer","1805 CHEMIN SAINT-FRANCOIS","RP6980R","QC"
="517","TL","Semi truck trailer","1805 CHEMIN SAINT-FRANCOIS","RH5718Y","QC"
="5170","TL","Semi truck trailer","1805 CHEMIN SAINT-FRANCOIS","RP6981R","QC"
="5171","TL","Semi truck trailer","1805 CHEMIN SAINT-FRANCOIS","RP6982R","QC"
="5172","TL","Semi truck trailer","1805 CHEMIN SAINT-FRANCOIS","RP6983R","QC"
="5173","TL","Semi truck trailer","1805 CHEMIN SAINT-FRANCOIS","RP6984R","QC"
="5174","TL","Semi truck trailer","1805 CHEMIN SAINT-FRANCOIS","RP6985R","QC"
="5175","TL","Semi truck trailer","1805 CHEMIN SAINT-FRANCOIS","RP6986R","QC"
="5176","TL","Semi truck trailer","1805 CHEMIN SAINT-FRANCOIS","RR0274V","QC"
="5177","TL","Semi truck trailer","1805 CHEMIN SAINT-FRANCOIS","RR2884T","QC"
="5178","TL","Semi truck trailer","1805 CHEMIN SAINT-FRANCOIS","RR2890T","QC"
="5179","OE","Other","1805 CHEMIN SAINT-FRANCOIS","RR3526V","QC"
="518","TL","Semi truck trailer","1805 CHEMIN SAINT-FRANCOIS","RH5271C","QC"
="5180","TL","Semi truck trailer","1805 CHEMIN SAINT-FRANCOIS","RR2889T","QC"
="5181","TL","Semi truck trailer","1805 CHEMIN SAINT-FRANCOIS","RR3525V","QC"
="5182","TL","Semi truck trailer","1805 CHEMIN SAINT-FRANCOIS","RR2888T","QC"
="5183","TL","Semi truck trailer","1805 CHEMIN SAINT-FRANCOIS","RR2887T","QC"
="5184","TL","Semi truck trailer","1805 CHEMIN SAINT-FRANCOIS","RR0275V","QC"
="5185","TL","Semi truck trailer","1805 CHEMIN SAINT-FRANCOIS","RR2886T","QC"
="5186","TL","Semi truck trailer","1805 CHEMIN SAINT-FRANCOIS","RR2885T","QC"
="5187","TL","Semi truck trailer","1805 CHEMIN SAINT-FRANCOIS","RR3524V","QC"
="5188","TL","Semi truck trailer","1805 CHEMIN SAINT-FRANCOIS","RR0277V","QC"
="5189","TL","Semi truck trailer","1805 CHEMIN SAINT-FRANCOIS","RR3523V","QC"
="519","TL","Semi truck trailer","1805 CHEMIN SAINT-FRANCOIS","RH5272C","QC"
="5190","TL","Semi truck trailer","1805 CHEMIN SAINT-FRANCOIS","RR3522V","QC"
="5191","TL","Semi truck trailer","1805 CHEMIN SAINT-FRANCOIS","RR0039Z","QC"
="5192","TL","Semi truck trailer","1805 CHEMIN SAINT-FRANCOIS","RR0040Z","QC"
="5193","TF","Trailer (Dry freight)","1805 CHEMIN SAINT-FRANCOIS","RR0041Z","QC"
="5194","TL","Semi truck trailer","1805 CHEMIN SAINT-FRANCOIS","RR0042Z","QC"
="5195","OE","Other","1805 CHEMIN SAINT-FRANCOIS","RR0043Z","QC"
="5196","OE","Other","1805 CHEMIN SAINT-FRANCOIS","RR0044Z","QC"
="5197","TL","Semi truck trailer","1805 CHEMIN SAINT-FRANCOIS","RR0045Z","QC"
="5198","TL","Semi truck trailer","1805 CHEMIN SAINT-FRANCOIS","RR0046Z","QC"
="5199","TL","Semi truck trailer","1805 CHEMIN SAINT-FRANCOIS","RR0047Z","QC"
="520","TL","Semi truck trailer","1805 CHEMIN SAINT-FRANCOIS","RH5273C","QC"
="5200","TL","Semi truck trailer","1805 CHEMIN SAINT-FRANCOIS","RR0048Z","QC"
="5201","TL","Semi truck trailer","1805 CHEMIN SAINT-FRANCOIS","RR0049Z","QC"
="5202","TL","Semi truck trailer","1805 CHEMIN SAINT-FRANCOIS","RR0050Z","QC"
="5203","TL","Semi truck trailer","1805 CHEMIN SAINT-FRANCOIS","RR0051Z","QC"
="5204","TL","Semi truck trailer","1805 CHEMIN SAINT-FRANCOIS","RR0053Z","QC"
="5205","TL","Semi truck trailer","1805 CHEMIN SAINT-FRANCOIS","RR0054Z","QC"
="5206","TL","Semi truck trailer","1805 CHEMIN SAINT-FRANCOIS","RT5482L","QC"
="5207","TL","Semi truck trailer","1805 CHEMIN SAINT-FRANCOIS","RT5483L","QC"
="5208","TL","Semi truck trailer","1805 CHEMIN SAINT-FRANCOIS","RT5484L","QC"
="5209","TL","Semi truck trailer","1805 CHEMIN SAINT-FRANCOIS","RT5485L","QC"
="521","TL","Semi truck trailer","1805 CHEMIN SAINT-FRANCOIS","RJ1873V","QC"
="5210","TL","Semi truck trailer","1805 CHEMIN SAINT-FRANCOIS","RT5486L","QC"
="5211","TL","Semi truck trailer","1805 CHEMIN SAINT-FRANCOIS","RT5487L","QC"
="5212","OE","Other","1805 CHEMIN SAINT-FRANCOIS","RT5488L","QC"
="5213","TL","Semi truck trailer","1805 CHEMIN SAINT-FRANCOIS","RT5489L","QC"
="5214","TL","Semi truck trailer","1805 CHEMIN SAINT-FRANCOIS","RT5490L","QC"
="5215","TL","Semi truck trailer","1805 CHEMIN SAINT-FRANCOIS","RT5491L","QC"
="5216","TL","Semi truck trailer","1805 CHEMIN SAINT-FRANCOIS","RT7580M","QC"
="5217","TL","Semi truck trailer","1805 CHEMIN SAINT-FRANCOIS","RT3003M","QC"
="5218","TL","Semi truck trailer","1805 CHEMIN SAINT-FRANCOIS","RT1652N","QC"
="5219","TL","Semi truck trailer","1805 CHEMIN SAINT-FRANCOIS","RT3015M","QC"
="522","OE","Other","1805 CHEMIN SAINT-FRANCOIS","RJ1872V","QC"
="5220","TL","Semi truck trailer","1805 CHEMIN SAINT-FRANCOIS","RT3004M","QC"
="5221","TL","Semi truck trailer","1805 CHEMIN SAINT-FRANCOIS","RT3005M","QC"
="5222","TL","Semi truck trailer","1805 CHEMIN SAINT-FRANCOIS","RT3006M","QC"
="5223","TF","Trailer (Dry freight)","1805 CHEMIN SAINT-FRANCOIS","RT6099M","QC"
="5224","TL","Semi truck trailer","1805 CHEMIN SAINT-FRANCOIS","RT1653N","QC"
="5225","TL","Semi truck trailer","1805 CHEMIN SAINT-FRANCOIS","RT1654N","QC"
="5226","TL","Semi truck trailer","1805 CHEMIN SAINT-FRANCOIS","RT2349V","QC"
="5227","TL","Semi truck trailer","1805 CHEMIN SAINT-FRANCOIS","RT8625T","QC"
="5228","TL","Semi truck trailer","1805 CHEMIN SAINT-FRANCOIS","RT8470V","QC"
="5229","TL","Semi truck trailer","1805 CHEMIN SAINT-FRANCOIS","RT8626T","QC"
="523","OE","Other","1805 CHEMIN SAINT-FRANCOIS","RJ1871V","QC"
="5230","TL","Semi truck trailer","1805 CHEMIN SAINT-FRANCOIS","RT5488T","QC"
="5231","TL","Semi truck trailer","1805 CHEMIN SAINT-FRANCOIS","RT2350V","QC"
="5232","TL","Semi truck trailer","1805 CHEMIN SAINT-FRANCOIS","RT2351V","QC"
="52320142","TL","Semi truck trailer","1805 CHEMIN SAINT-FRANCOIS","RL6087A","QC"
="5233","TL","Semi truck trailer","1805 CHEMIN SAINT-FRANCOIS","RT8471V","QC"
="5234","TL","Semi truck trailer","1805 CHEMIN SAINT-FRANCOIS","RT0542W","QC"
="5235","TL","Semi truck trailer","1805 CHEMIN SAINT-FRANCOIS","RT0541W","QC"
="5236","TL","Semi truck trailer","1805 CHEMIN SAINT-FRANCOIS","RT2086W","QC"
="5237","TL","Semi truck trailer","1805 CHEMIN SAINT-FRANCOIS","RT2658W","QC"
="5238","TL","Semi truck trailer","1805 CHEMIN SAINT-FRANCOIS","RT6060V","QC"
="5238256","TL","Semi truck trailer","1805 CHEMIN SAINT-FRANCOIS","RH5961J","ON"
="5239","TL","Semi truck trailer","1805 CHEMIN SAINT-FRANCOIS","RT6650V","QC"
="5239124","TL","Semi truck trailer","1805 CHEMIN SAINT-FRANCOIS","RJ1744V","QC"
="524","TL","Semi truck trailer","1805 CHEMIN SAINT-FRANCOIS","RJ1870V","QC"
="5240","TL","Semi truck trailer","1805 CHEMIN SAINT-FRANCOIS","RT6651V","QC"
="5242","TL","Semi truck trailer","1805 CHEMIN SAINT-FRANCOIS","RT2657W","QC"
="5243","TL","Semi truck trailer","1805 CHEMIN SAINT-FRANCOIS","RT3863T","QC"
="5244","TL","Semi truck trailer","1805 CHEMIN SAINT-FRANCOIS","RT3864T","QC"
="5245","OE","Other","1805 CHEMIN SAINT-FRANCOIS","RT3865T","QC"
="5246","TL","Semi truck trailer","1805 CHEMIN SAINT-FRANCOIS","RT3866T","QC"
="5247","TL","Semi truck trailer","1805 CHEMIN SAINT-FRANCOIS","RT3867T","QC"
="5248","TL","Semi truck trailer","1805 CHEMIN SAINT-FRANCOIS","RT5489T","QC"
="5249","TL","Semi truck trailer","1805 CHEMIN SAINT-FRANCOIS","RT5490T","QC"
="525","OE","Other","1805 CHEMIN SAINT-FRANCOIS","RJ1869V","QC"
="5250","OE","Other","1805 CHEMIN SAINT-FRANCOIS","RT5491T","QC"
="5251","TL","Semi truck trailer","1805 CHEMIN SAINT-FRANCOIS","RT5492T","QC"
="5252","TL","Semi truck trailer","1805 CHEMIN SAINT-FRANCOIS","RT5493T","QC"
="5253","TL","Semi truck trailer","1805 CHEMIN SAINT-FRANCOIS","RT5494T","QC"
="5256","TL","Semi truck trailer","1805 CHEMIN SAINT-FRANCOIS","RT5495T","QC"
="5257","TL","Semi truck trailer","1805 CHEMIN SAINT-FRANCOIS","RT5496T","QC"
="5258","TL","Semi truck trailer","1805 CHEMIN SAINT-FRANCOIS","RT5497T","QC"
="5259","TL","Semi truck trailer","1805 CHEMIN SAINT-FRANCOIS","RT5499T","QC"
="526","TL","Semi truck trailer","1805 CHEMIN SAINT-FRANCOIS","RJ1868V","QC"
="5260","TL","Semi truck trailer","1805 CHEMIN SAINT-FRANCOIS","RT5500T","QC"
="5261","TL","Semi truck trailer","1805 CHEMIN SAINT-FRANCOIS","RT8627T","QC"
="5262","OE","Other","1805 CHEMIN SAINT-FRANCOIS","RT8628T","QC"
="5263","TL","Semi truck trailer","1805 CHEMIN SAINT-FRANCOIS","RT8629T","QC"
="5264","TL","Semi truck trailer","1805 CHEMIN SAINT-FRANCOIS","RT2352V","QC"
="5265","TL","Semi truck trailer","1805 CHEMIN SAINT-FRANCOIS","RT8630T","QC"
="5266","TL","Semi truck trailer","1805 CHEMIN SAINT-FRANCOIS","RT9679V","QC"
="5267","TL","Semi truck trailer","1805 CHEMIN SAINT-FRANCOIS","RT9678V","QC"
="527","TL","Semi truck trailer","1805 CHEMIN SAINT-FRANCOIS","RJ1867V","QC"
="528","TL","Semi truck trailer","1805 CHEMIN SAINT-FRANCOIS","RJ1866V","QC"
="5280","TL","Semi truck trailer","1805 CHEMIN SAINT-FRANCOIS","RT9677V","QC"
="5281","TL","Semi truck trailer","1805 CHEMIN SAINT-FRANCOIS","RT9676V","QC"
="5282","TL","Semi truck trailer","1805 CHEMIN SAINT-FRANCOIS","RT9675V","QC"
="5283","TL","Semi truck trailer","1805 CHEMIN SAINT-FRANCOIS","RT9674V","QC"
="529","OE","Other","1805 CHEMIN SAINT-FRANCOIS","RJ1777V","QC"
="530","TL","Semi truck trailer","1805 CHEMIN SAINT-FRANCOIS","RJ7695Y","QC"
="531","TL","Semi truck trailer","1805 CHEMIN SAINT-FRANCOIS","RJ7608W","QC"
="532","TL","Semi truck trailer","1805 CHEMIN SAINT-FRANCOIS","RJ7611W","QC"
="533","TL","Semi truck trailer","1805 CHEMIN SAINT-FRANCOIS","RJ7610W","QC"
="534","TL","Semi truck trailer","1805 CHEMIN SAINT-FRANCOIS","RR2831Z","QC"
="535","TL","Semi truck trailer","1805 CHEMIN SAINT-FRANCOIS","RJ7614W","QC"
="536","TL","Semi truck trailer","1805 CHEMIN SAINT-FRANCOIS","RJ7613W","QC"
="537","TL","Semi truck trailer","1805 CHEMIN SAINT-FRANCOIS","RJ7612W","QC"
="538","TL","Semi truck trailer","1805 CHEMIN SAINT-FRANCOIS","RJ7616W","QC"
="539","TL","Semi truck trailer","1805 CHEMIN SAINT-FRANCOIS","RJ7617W","QC"
="540","TL","Semi truck trailer","1805 CHEMIN SAINT-FRANCOIS","RT7907N","QC"
="541","TL","Semi truck trailer","1805 CHEMIN SAINT-FRANCOIS","RL3103F","QC"
="542","TL","Semi truck trailer","1805 CHEMIN SAINT-FRANCOIS","RL3104F","QC"
="543","TL","Semi truck trailer","1805 CHEMIN SAINT-FRANCOIS","RJ8261Z","QC"
="544","TL","Semi truck trailer","1805 CHEMIN SAINT-FRANCOIS","RJ8203Z","QC"
="545","TF","Trailer (Dry freight)","1805 CHEMIN SAINT-FRANCOIS","RJ8293Z","QC"
="546","TL","Semi truck trailer","1805 CHEMIN SAINT-FRANCOIS","RN0816V","QC"
="547","TL","Semi truck trailer","1805 CHEMIN SAINT-FRANCOIS","RL5714C","QC"
="548","TL","Semi truck trailer","1805 CHEMIN SAINT-FRANCOIS","RL5713C","QC"
="549","TL","Semi truck trailer","1805 CHEMIN SAINT-FRANCOIS","RT6159N","QC"
="550","TL","Semi truck trailer","1805 CHEMIN SAINT-FRANCOIS","RL5711C","QC"
="551","TL","Semi truck trailer","1805 CHEMIN SAINT-FRANCOIS","RM8735W","QC"
="552","TL","Semi truck trailer","1805 CHEMIN SAINT-FRANCOIS","RM8736W","QC"
="553","TL","Semi truck trailer","1805 CHEMIN SAINT-FRANCOIS","RM8734W","QC"
="554","TL","Semi truck trailer","1805 CHEMIN SAINT-FRANCOIS","RM8710W","QC"
="555","TL","Semi truck trailer","1805 CHEMIN SAINT-FRANCOIS","RM8716W","QC"
="556","TL","Semi truck trailer","1805 CHEMIN SAINT-FRANCOIS","RM8715W","QC"
="557","TL","Semi truck trailer","1805 CHEMIN SAINT-FRANCOIS","RM8714W","QC"
="558","TL","Semi truck trailer","1805 CHEMIN SAINT-FRANCOIS","RM8713W","QC"
="559","TL","Semi truck trailer","1805 CHEMIN SAINT-FRANCOIS","RM8712W","QC"
="560","TL","Semi truck trailer","1805 CHEMIN SAINT-FRANCOIS","RM8711W","QC"
="561","TL","Semi truck trailer","1805 CHEMIN SAINT-FRANCOIS","RM8966R","QC"
="562","TL","Semi truck trailer","1805 CHEMIN SAINT-FRANCOIS","RM8967R","QC"
="563","TL","Semi truck trailer","1805 CHEMIN SAINT-FRANCOIS","RM8951R","QC"
="564","TL","Semi truck trailer","1805 CHEMIN SAINT-FRANCOIS","RM8952R","QC"
="565","TL","Semi truck trailer","1805 CHEMIN SAINT-FRANCOIS","RM8953R","QC"
="566","TL","Semi truck trailer","1805 CHEMIN SAINT-FRANCOIS","RM8954R","QC"
="567","TL","Semi truck trailer","1805 CHEMIN SAINT-FRANCOIS","RM8955R","QC"
="568","TL","Semi truck trailer","1805 CHEMIN SAINT-FRANCOIS","RM8956R","QC"
="569","TL","Semi truck trailer","1805 CHEMIN SAINT-FRANCOIS","RM8957R","QC"
="570","TL","Semi truck trailer","1805 CHEMIN SAINT-FRANCOIS","RM8958R","QC"
="571","TL","Semi truck trailer","1805 CHEMIN SAINT-FRANCOIS","RL3826R","QC"
="572","OE","Other","1805 CHEMIN SAINT-FRANCOIS","RL4275R","QC"
="573","TL","Semi truck trailer","1805 CHEMIN SAINT-FRANCOIS","RL4276R","QC"
="574","OE","Other","1805 CHEMIN SAINT-FRANCOIS","RL4277R","QC"
="575","TL","Semi truck trailer","1805 CHEMIN SAINT-FRANCOIS","RL4278R","QC"
="576","TL","Semi truck trailer","1805 CHEMIN SAINT-FRANCOIS","RP7139P","QC"
="577","TL","Semi truck trailer","1805 CHEMIN SAINT-FRANCOIS","RL4280R","QC"
="578","TL","Semi truck trailer","1805 CHEMIN SAINT-FRANCOIS","RL4281R","QC"
="579","OE","Other","1805 CHEMIN SAINT-FRANCOIS","RL4282R","QC"
="580","TF","Trailer (Dry freight)","1805 CHEMIN SAINT-FRANCOIS","RL4283R","QC"
="581","TL","Semi truck trailer","1805 CHEMIN SAINT-FRANCOIS","RN5822F","QC"
="582","TL","Semi truck trailer","1805 CHEMIN SAINT-FRANCOIS","RN5821F","QC"
="5824","TL","Semi truck trailer","1805 CHEMIN SAINT-FRANCOIS","RJ7348E","QC"
="583","TL","Semi truck trailer","1805 CHEMIN SAINT-FRANCOIS","RN7527N","QC"
="584","TL","Semi truck trailer","1805 CHEMIN SAINT-FRANCOIS","RR1849Z","QC"
="585","TL","Semi truck trailer","1805 CHEMIN SAINT-FRANCOIS","RN0709V","QC"
="586","TL","Semi truck trailer","1805 CHEMIN SAINT-FRANCOIS","RN0710V","QC"
="587","TL","Semi truck trailer","1805 CHEMIN SAINT-FRANCOIS","RN0711V","QC"
="588","TL","Semi truck trailer","1805 CHEMIN SAINT-FRANCOIS","RN0712V","QC"
="589","TL","Semi truck trailer","1805 CHEMIN SAINT-FRANCOIS","RP5405A","QC"
="590","TL","Semi truck trailer","1805 CHEMIN SAINT-FRANCOIS","RP5406A","QC"
="591","OE","Other","1805 CHEMIN SAINT-FRANCOIS","RP5407A","QC"
="592","TL","Semi truck trailer","1805 CHEMIN SAINT-FRANCOIS","RP5408A","QC"
="593","TL","Semi truck trailer","1805 CHEMIN SAINT-FRANCOIS","RP5409A","QC"
="594","TL","Semi truck trailer","1805 CHEMIN SAINT-FRANCOIS","RP5410A","QC"
="595","TL","Semi truck trailer","1805 CHEMIN SAINT-FRANCOIS","RP5411A","QC"
="596","TL","Semi truck trailer","1805 CHEMIN SAINT-FRANCOIS","RP5412A","QC"
="597","TL","Semi truck trailer","1805 CHEMIN SAINT-FRANCOIS","RP5413A","QC"
="598","OE","Other","1805 CHEMIN SAINT-FRANCOIS","RP5414A","QC"
="599","TL","Semi truck trailer","1805 CHEMIN SAINT-FRANCOIS","RP5415A","QC"
"C240-1","CH","Chassis","1805 CHEMIN SAINT-FRANCOIS","RE0503N","QC"
"C240-2","CH","Chassis","1805 CHEMIN SAINT-FRANCOIS","RP1686C","QC"
"C24045-1","CH","Chassis","1805 CHEMIN SAINT-FRANCOIS","RM5345R","QC"
"C24053-1","CH","Chassis","1805 CHEMIN SAINT-FRANCOIS","RT7409E","QC"
"C24053-2","CH","Chassis","1805 CHEMIN SAINT-FRANCOIS","RT7407E","QC"
"C24053-3","CH","Chassis","1805 CHEMIN SAINT-FRANCOIS","RT7410E","QC"
"C320-1","CH","Chassis","1805 CHEMIN SAINT-FRANCOIS","RM5344R","QC"
"C32045-1","CH","Chassis","1805 CHEMIN SAINT-FRANCOIS","RL7545N","QC"
"C32045-10","CH","Chassis","1805 CHEMIN SAINT-FRANCOIS","RM5915X","QC"
"C32045-11","CH","Chassis","1805 CHEMIN SAINT-FRANCOIS","RM5916X","QC"
"C32045-12","CH","Chassis","1805 CHEMIN SAINT-FRANCOIS","RM5917X","QC"
"C32045-13","CH","Chassis","1805 CHEMIN SAINT-FRANCOIS","RM5918X","QC"
"C32045-14","CH","Chassis","1805 CHEMIN SAINT-FRANCOIS","RM5910X","QC"
"C32045-15","CH","Chassis","1805 CHEMIN SAINT-FRANCOIS","RM9172E","QC"
"C32045-16","CH","Chassis","1805 CHEMIN SAINT-FRANCOIS","RM5920X","QC"
"C32045-17","CH","Chassis","1805 CHEMIN SAINT-FRANCOIS","RM5350R","QC"
"C32045-2","CH","Chassis","1805 CHEMIN SAINT-FRANCOIS","RL7542N","QC"
"C32045-3","CH","Chassis","1805 CHEMIN SAINT-FRANCOIS","RL7544N","QC"
"C32045-4","CH","Chassis","1805 CHEMIN SAINT-FRANCOIS","RL7541N","QC"
"C32045-5","CH","Chassis","1805 CHEMIN SAINT-FRANCOIS","RL7510N","QC"
"C32045-6","CH","Chassis","1805 CHEMIN SAINT-FRANCOIS","RL7543N","QC"
"C32045-7","CH","Chassis","1805 CHEMIN SAINT-FRANCOIS","RM5912X","QC"
"C32045-8","CH","Chassis","1805 CHEMIN SAINT-FRANCOIS","RM5913X","QC"
"C32045-9","CH","Chassis","1805 CHEMIN SAINT-FRANCOIS","RM5914X","QC"
"C340-1","CH","Chassis","1805 CHEMIN SAINT-FRANCOIS","RM1964V","QC"
"C340-10","CH","Chassis","1805 CHEMIN SAINT-FRANCOIS","RR6502M","QC"
"C340-2","CH","Chassis","1805 CHEMIN SAINT-FRANCOIS","RM5348R","QC"
"C340-3","CH","Chassis","1805 CHEMIN SAINT-FRANCOIS","RN0628V","QC"
"C340-4","CH","Chassis","1805 CHEMIN SAINT-FRANCOIS","RP6904P","QC"
"C340-5","CH","Chassis","1805 CHEMIN SAINT-FRANCOIS","RP8090Y","QC"
"C34053-1","CH","Chassis","1805 CHEMIN SAINT-FRANCOIS","RM1967V","QC"
"C34053-10","CH","Chassis","1805 CHEMIN SAINT-FRANCOIS","RM1969V","QC"
"C34053-3","CH","Chassis","1805 CHEMIN SAINT-FRANCOIS","RM1966V","QC"
"C34053-4","CH","Chassis","1805 CHEMIN SAINT-FRANCOIS","RT2036K","QC"
"C34053-5","CH","Chassis","1805 CHEMIN SAINT-FRANCOIS","RT6701F","QC"
"C34053-6","CH","Chassis","1805 CHEMIN SAINT-FRANCOIS","RP7076F","QC"
"C34053-7","CH","Chassis","1805 CHEMIN SAINT-FRANCOIS","RM1968V","QC"
"C34053-8","CH","Chassis","1805 CHEMIN SAINT-FRANCOIS","RE0511N","QC"
"C34053-9","CH","Chassis","1805 CHEMIN SAINT-FRANCOIS","RT7641G","QC"
"C340-6","CH","Chassis","1805 CHEMIN SAINT-FRANCOIS","RP3093N","QC"
"C340-7","CH","Chassis","1805 CHEMIN SAINT-FRANCOIS","RP9399X","QC"
"C340-8","CH","Chassis","1805 CHEMIN SAINT-FRANCOIS","RR6500M","QC"
"C340-9","CH","Chassis","1805 CHEMIN SAINT-FRANCOIS","RP9401X","QC"
"C440-1","CH","Chassis","1805 CHEMIN SAINT-FRANCOIS","RN0833V","QC"
"CM32040-1","CH","Chassis","1805 CHEMIN SAINT-FRANCOIS","RM5347R","QC"
"CM32040-10","CH","Chassis","1805 CHEMIN SAINT-FRANCOIS","RT7869L","QC"
"CM32040-11","CH","Chassis","1805 CHEMIN SAINT-FRANCOIS","RT7870L","QC"
"CM32040-12","CH","Chassis","1805 CHEMIN SAINT-FRANCOIS","RT7878L","QC"
"CM32040-13","CH","Chassis","1805 CHEMIN SAINT-FRANCOIS","RT7881L","QC"
"CM32040-14","CH","Chassis","1805 CHEMIN SAINT-FRANCOIS","RT7882L","QC"
"CM32040-15","CH","Chassis","1805 CHEMIN SAINT-FRANCOIS","RT7883L","QC"
"CM32040-16","CH","Chassis","1805 CHEMIN SAINT-FRANCOIS","RT7884L","QC"
"CM32040-17","CH","Chassis","1805 CHEMIN SAINT-FRANCOIS","RT7885L","QC"
"CM32040-2","CH","Chassis","1805 CHEMIN SAINT-FRANCOIS","RM5346R","QC"
"CM32040-3","CH","Chassis","1805 CHEMIN SAINT-FRANCOIS","RT7959A","QC"
"CM32040-5","CH","Chassis","1805 CHEMIN SAINT-FRANCOIS","RP3095N","QC"
"CM32040-6","CH","Chassis","1805 CHEMIN SAINT-FRANCOIS","RP5391A","QC"
"CM32040-7","CH","Chassis","1805 CHEMIN SAINT-FRANCOIS","RT7865L","QC"
"CM32040-8","CH","Chassis","1805 CHEMIN SAINT-FRANCOIS","RT7866L","QC"
"CM32040-9","CH","Chassis","1805 CHEMIN SAINT-FRANCOIS","RT7867L","QC"
"DD3-01","FR","Flatbed trailer","1805 CHEMIN SAINT-FRANCOIS","RE0517N","QC"
"DD3-02","TF","Trailer (Dry freight)","1805 CHEMIN SAINT-FRANCOIS","RN8393K","QC"
"DD3-03","FR","Flatbed trailer","1805 CHEMIN SAINT-FRANCOIS","RN8392K","QC"
"DD3-04","FR","Flatbed trailer","1805 CHEMIN SAINT-FRANCOIS","RN8394K","QC"
"DD3-06","FR","Flatbed trailer","1805 CHEMIN SAINT-FRANCOIS","RN8395K","QC"
"DD3-07","FR","Flatbed trailer","1805 CHEMIN SAINT-FRANCOIS","RN8396K","QC"
"FD485-01","FR","Flatbed trailer","1805 CHEMIN SAINT-FRANCOIS","RN1531Z","QC"
"FD532-1","FR","Flatbed trailer","1805 CHEMIN SAINT-FRANCOIS","RN6117F","QC"
"FD532-10","FR","Flatbed trailer","1805 CHEMIN SAINT-FRANCOIS","RN0821V","QC"
"FD532--11","FR","Flatbed trailer","1805 CHEMIN SAINT-FRANCOIS","RN0818V","QC"
"FD532-11","FR","Flatbed trailer","1805 CHEMIN SAINT-FRANCOIS","RN0818V","QC"
"FD532-12","FR","Flatbed trailer","1805 CHEMIN SAINT-FRANCOIS","RP5404A","QC"
"FD532-13","FR","Flatbed trailer","1805 CHEMIN SAINT-FRANCOIS","RP5403A","QC"
"FD532-14","FR","Flatbed trailer","1805 CHEMIN SAINT-FRANCOIS","RP5402A","QC"
"FD532-15","FR","Flatbed trailer","1805 CHEMIN SAINT-FRANCOIS","RP7112F","QC"
"FD532-16","FR","Flatbed trailer","1805 CHEMIN SAINT-FRANCOIS","RP7113F","QC"
"FD532-17","FR","Flatbed trailer","1805 CHEMIN SAINT-FRANCOIS","RP7114F","QC"
"FD532-18","FR","Flatbed trailer","1805 CHEMIN SAINT-FRANCOIS","RN8301K","QC"
"FD532-19","FR","Flatbed trailer","1805 CHEMIN SAINT-FRANCOIS","RN8302K","QC"
"FD532-2","FR","Flatbed trailer","1805 CHEMIN SAINT-FRANCOIS","RK4331V","QC"
"FD532-20","FR","Flatbed trailer","1805 CHEMIN SAINT-FRANCOIS","RN8303K","QC"
"FD532-21","FR","Flatbed trailer","1805 CHEMIN SAINT-FRANCOIS","RN8304K","QC"
"FD532-22","FR","Flatbed trailer","1805 CHEMIN SAINT-FRANCOIS","RN8305K","QC"
"FD532-23","FR","Flatbed trailer","1805 CHEMIN SAINT-FRANCOIS","RN8306K","QC"
"FD532-24","FR","Flatbed trailer","1805 CHEMIN SAINT-FRANCOIS","RP6018Z","QC"
"FD532-25","FR","Flatbed trailer","1805 CHEMIN SAINT-FRANCOIS","RP6082N","QC"
"FD532-26","FR","Flatbed trailer","1805 CHEMIN SAINT-FRANCOIS","RP1679C","QC"
"FD532-27","FR","Flatbed trailer","1805 CHEMIN SAINT-FRANCOIS","RT1182V","QC"
"FD532-28","FR","Flatbed trailer","1805 CHEMIN SAINT-FRANCOIS","RP1682C","QC"
"FD532-29","FR","Flatbed trailer","1805 CHEMIN SAINT-FRANCOIS","RP1684C","QC"
"FD532-3","FR","Flatbed trailer","1805 CHEMIN SAINT-FRANCOIS","RK4330V","QC"
"FD532-30","FR","Flatbed trailer","1805 CHEMIN SAINT-FRANCOIS","RP1685C","QC"
"FD532-31","FR","Flatbed trailer","1805 CHEMIN SAINT-FRANCOIS","RT5573W","QC"
"FD532-32","FR","Flatbed trailer","1805 CHEMIN SAINT-FRANCOIS","RT5596W","QC"
"FD532-33","FR","Flatbed trailer","1805 CHEMIN SAINT-FRANCOIS","RT5598W","QC"
"FD532-34","FR","Flatbed trailer","1805 CHEMIN SAINT-FRANCOIS","RT5570W","QC"
"FD532-35","FR","Flatbed trailer","1805 CHEMIN SAINT-FRANCOIS","RT5599W","QC"
"FD532-36","FR","Flatbed trailer","1805 CHEMIN SAINT-FRANCOIS","RT5600W","QC"
"FD532-37","FR","Flatbed trailer","1805 CHEMIN SAINT-FRANCOIS","RT5601W","QC"
"FD532-38","FR","Flatbed trailer","1805 CHEMIN SAINT-FRANCOIS","RT5597W","QC"
"FD532-39","FR","Flatbed trailer","1805 CHEMIN SAINT-FRANCOIS","RT5571W","QC"
"FD532-4","FR","Flatbed trailer","1805 CHEMIN SAINT-FRANCOIS","RK4329V","QC"
"FD532-40","TL","Semi truck trailer","1805 CHEMIN SAINT-FRANCOIS","RT5572W","QC"
"FD532-5","FR","Flatbed trailer","1805 CHEMIN SAINT-FRANCOIS","RK4328V","QC"
"FD532-6","FR","Flatbed trailer","1805 CHEMIN SAINT-FRANCOIS","RK4327V","QC"
"FD532-7","FR","Flatbed trailer","1805 CHEMIN SAINT-FRANCOIS","RK4326V","QC"
"FD532-8","FR","Flatbed trailer","1805 CHEMIN SAINT-FRANCOIS","RN0820V","QC"
"FD532-9","FR","Flatbed trailer","1805 CHEMIN SAINT-FRANCOIS","RN0819V","QC"
"FD533-1","FR","Flatbed trailer","1805 CHEMIN SAINT-FRANCOIS","RN7383N","QC"
"FD533-2","FR","Flatbed trailer","1805 CHEMIN SAINT-FRANCOIS","RN7382N","QC"
"FD533-3","FR","Flatbed trailer","1805 CHEMIN SAINT-FRANCOIS","RN7381N","QC"
"FD533-4","FR","Flatbed trailer","1805 CHEMIN SAINT-FRANCOIS","RP8580M","QC"
"FD533-5","FR","Flatbed trailer","1805 CHEMIN SAINT-FRANCOIS","RP8579M","QC"
"FD533-6","FR","Flatbed trailer","1805 CHEMIN SAINT-FRANCOIS","RP8578M","QC"
"FD533-7","FR","Flatbed trailer","1805 CHEMIN SAINT-FRANCOIS","RP8577M","QC"
"L220-1","CH","Chassis","1805 CHEMIN SAINT-FRANCOIS","RE0512N","QC"
"L220-2","CH","Chassis","1805 CHEMIN SAINT-FRANCOIS","RE0515N","QC"
"L320-1","CH","Chassis","1805 CHEMIN SAINT-FRANCOIS","RM0001C","QC"
"L320-2","CH","Chassis","1805 CHEMIN SAINT-FRANCOIS","RM0002C","QC"
"L320-3","CH","Chassis","1805 CHEMIN SAINT-FRANCOIS","RM0003C","QC"
"L320-4","CH","Chassis","1805 CHEMIN SAINT-FRANCOIS","RM0004C","QC"
"RGN3-01","CB","Gooseneck trailer","1805 CHEMIN SAINT-FRANCOIS","RP6086N","QC"
"SD01","FR","Flatbed trailer","1805 CHEMIN SAINT-FRANCOIS","RK1583G","QC"
"SD02","FR","Flatbed trailer","1805 CHEMIN SAINT-FRANCOIS","RM4702Y","QC"
"SD03","FR","Flatbed trailer","1805 CHEMIN SAINT-FRANCOIS","RM4703Y","QC"
"SD04","FR","Flatbed trailer","1805 CHEMIN SAINT-FRANCOIS","RM4704Y","QC"
"SD-05","FR","Flatbed trailer","1805 CHEMIN SAINT-FRANCOIS","RT5192F","QC"
"SD05","FR","Flatbed trailer","1805 CHEMIN SAINT-FRANCOIS","RT5192F","QC"
"SD06","FR","Flatbed trailer","1805 CHEMIN SAINT-FRANCOIS","RM5400V","QC"
"SD07","FR","Flatbed trailer","1805 CHEMIN SAINT-FRANCOIS","RM5372V","QC"
"SD08","FR","Flatbed trailer","1805 CHEMIN SAINT-FRANCOIS","RK4308V","QC"
"SD09","FR","Flatbed trailer","1805 CHEMIN SAINT-FRANCOIS","RK4307V","QC"
"SD-10","FR","Flatbed trailer","1805 CHEMIN SAINT-FRANCOIS","RN8400K","QC"
"SD10","FR","Flatbed trailer","1805 CHEMIN SAINT-FRANCOIS","RN8400K","QC"
"SD-12","FR","Flatbed trailer","1805 CHEMIN SAINT-FRANCOIS","RN8397K","QC"
"SD-13","FR","Flatbed trailer","1805 CHEMIN SAINT-FRANCOIS","RN8399K","QC"
"SD13","FR","Flatbed trailer","1805 CHEMIN SAINT-FRANCOIS","RN8399K","QC"
"SD-15","FR","Flatbed trailer","1805 CHEMIN SAINT-FRANCOIS","RP6812P","QC"
"SD15","FR","Flatbed trailer","1805 CHEMIN SAINT-FRANCOIS","RP6812P","QC"
"SD-16","FR","Flatbed trailer","1805 CHEMIN SAINT-FRANCOIS","RN8398K","QC"
"SD16","FR","Flatbed trailer","1805 CHEMIN SAINT-FRANCOIS","RN8398K","QC"
"T42","TL","Semi truck trailer","1805 CHEMIN SAINT-FRANCOIS","Z9380K","ON"
"T43","TL","Semi truck trailer","1805 CHEMIN SAINT-FRANCOIS","Z9373K","ON"
"T48","TL","Semi truck trailer","1805 CHEMIN SAINT-FRANCOIS","Y6430K","ON"
