"Truck Number","Type Code","Type Description","Vin Number","Dot Number","Terminal/Office","Insurance Policy Number","License Plate","State/Province"
="103","TR","Tractor (Semi)","1FUJGEDR9ELFK2567",,"1805 CHEMIN SAINT-FRANCOIS",,"L937244","QC"
="212","TR","Tractor (Semi)","4V4NC9EH4FN178462",,"1805 CHEMIN SAINT-FRANCOIS",,"L932175","QC"
="279","TR","Tractor (Semi)","3HSDZTZR1PN772493",,"1805 CHEMIN SAINT-FRANCOIS",,"L833600","QC"
="285","TR","Tractor (Semi)","1FUJGLD56GLGY9702",,"1805 CHEMIN SAINT-FRANCOIS",,"L913357","QC"
="291","TR","Tractor (Semi)","3AKJHHDR9RSUU3308",,"1805 CHEMIN SAINT-FRANCOIS",,"L871343","QC"
="293","TR","Tractor (Semi)","1TKJ051XYB0635831",,"1805 CHEMIN SAINT-FRANCOIS",,"L708303","QC"
="296","TR","Tractor (Semi)","3HSDZAPRXSN605128",,"1805 CHEMIN SAINT-FRANCOIS",,"L751296","QC"
="581",,,,,"1805 CHEMIN SAINT-FRANCOIS",,,
="594","TR","Tractor (Semi)","3AKJHHDR9KSKA1278",,"1805 CHEMIN SAINT-FRANCOIS",,"RP5410A","QC"
="6100","TR","Tractor (Semi)","4V4NC9EH0PN322400",,"1805 CHEMIN SAINT-FRANCOIS",,"L962515","QC"
="6102","TR","Tractor (Semi)","4V4NC9EH4PN322402",,"1805 CHEMIN SAINT-FRANCOIS",,"L962773","QC"
="6103","TR","Tractor (Semi)","4V4NC9EH6PN322403",,"1805 CHEMIN SAINT-FRANCOIS",,"L962772","QC"
="6104","TR","Tractor (Semi)","4V4NC9EH8PN322404",,"1805 CHEMIN SAINT-FRANCOIS",,"L962771","QC"
="6105","TR","Tractor (Semi)","4V4NC9EHXPN322405",,"1805 CHEMIN SAINT-FRANCOIS",,"L962770","QC"
="6106","TR","Tractor (Semi)","4V4NC9EH1PN322406",,"1805 CHEMIN SAINT-FRANCOIS",,"L969290","QC"
="6107","TR","Tractor (Semi)","4V4NC9EH3PN322407",,"1805 CHEMIN SAINT-FRANCOIS",,"L964329","QC"
="6108","TR","Tractor (Semi)","4V4NC9EH5PN322408",,"1805 CHEMIN SAINT-FRANCOIS",,"L964330","QC"
="6109","TR","Tractor (Semi)","4V4NC9EH7PN322409",,"1805 CHEMIN SAINT-FRANCOIS",,"L965052","QC"
="6110","TR","Tractor (Semi)","4V4NC9EH3PN322410",,"1805 CHEMIN SAINT-FRANCOIS",,"L964331","QC"
="6111","TR","Tractor (Semi)","4V4NC9EH5PN322411",,"1805 CHEMIN SAINT-FRANCOIS",,"L964332","QC"
="6112","TR","Tractor (Semi)","4V4NC9EH7PN322412",,"1805 CHEMIN SAINT-FRANCOIS",,"L969289","QC"
="6113","TR","Tractor (Semi)","4V4NC9EH9PN322413",,"1805 CHEMIN SAINT-FRANCOIS",,"L964333","QC"
="6114","TR","Tractor (Semi)","4V4NC9EH0PN322414",,"1805 CHEMIN SAINT-FRANCOIS",,"L964334","QC"
="6115","TR","Tractor (Semi)","4V4NC9EH2PN322415",,"1805 CHEMIN SAINT-FRANCOIS",,"L969288","QC"
="6116","TR","Tractor (Semi)","4V4NC9EH4PN322416",,"1805 CHEMIN SAINT-FRANCOIS",,"L969286","QC"
="6117","TR","Tractor (Semi)","4V4NC9EH6PN322417",,"1805 CHEMIN SAINT-FRANCOIS",,"L969285","QC"
="6118","TR","Tractor (Semi)","4V4NC9EH8PN322418",,"1805 CHEMIN SAINT-FRANCOIS",,"L969284","QC"
="6119","TR","Tractor (Semi)","4V4NC9EH4RN637137",,"1805 CHEMIN SAINT-FRANCOIS",,"L985956","QC"
="6120","TR","Tractor (Semi)","4V4NC9EH4RN637140",,"1805 CHEMIN SAINT-FRANCOIS",,"L985951","QC"
="6121","TR","Tractor (Semi)","4V4NC9EH4RN637154",,"1805 CHEMIN SAINT-FRANCOIS",,"L985952","QC"
="6122","TR","Tractor (Semi)","4V4NC9EH8RN637156",,"1805 CHEMIN SAINT-FRANCOIS",,"L985958","QC"
="6123","TR","Tractor (Semi)","4V4NC9EHXRN637157",,"1805 CHEMIN SAINT-FRANCOIS",,"L985950","QC"
="6124","TR","Tractor (Semi)","4V4NC9EH1RN637158",,"1805 CHEMIN SAINT-FRANCOIS",,"L985955","QC"
="6125","TR","Tractor (Semi)","4V4NC9EH6RN637138",,"1805 CHEMIN SAINT-FRANCOIS",,"L946499","QC"
="6126","TR","Tractor (Semi)","4V4NC9EH8RN637139",,"1805 CHEMIN SAINT-FRANCOIS",,"L946500","QC"
="6127","TR","Tractor (Semi)","4V4NC9EH6RN637141",,"1805 CHEMIN SAINT-FRANCOIS",,"L940701","QC"
="6128","TR","Tractor (Semi)","4V4NC9EH6RN637155",,"1805 CHEMIN SAINT-FRANCOIS",,"L940702","QC"
="6129","TR","Tractor (Semi)","4V4NC9EH1RN637130",,"1805 CHEMIN SAINT-FRANCOIS",,"L957579","QC"
="6130","TR","Tractor (Semi)","4V4NC9EH3RN637131",,"1805 CHEMIN SAINT-FRANCOIS",,"L957581","QC"
="6131","TR","Tractor (Semi)","4V4NC9EH5RN637132",,"1805 CHEMIN SAINT-FRANCOIS",,"L957575","QC"
="6132","TR","Tractor (Semi)","4V4NC9EH7RN637133",,"1805 CHEMIN SAINT-FRANCOIS",,"L957574","QC"
="6133","TR","Tractor (Semi)","4V4NC9EH9RN637134",,"1805 CHEMIN SAINT-FRANCOIS",,"L957576","QC"
="6134","TR","Tractor (Semi)","4V4NC9EHXRN637109",,"1805 CHEMIN SAINT-FRANCOIS",,"L957578","QC"
="6135","TR","Tractor (Semi)","4V4NC9EH6RN637110",,"1805 CHEMIN SAINT-FRANCOIS",,"L957572","QC"
="6136","TR","Tractor (Semi)","4V4NC9EH8RN637111",,"1805 CHEMIN SAINT-FRANCOIS",,"L957577","QC"
="6137","TR","Tractor (Semi)","4V4NC9EHXRN637112",,"1805 CHEMIN SAINT-FRANCOIS",,"L957580","QC"
="6138","TR","Tractor (Semi)","4V4NC9EH1RN637113",,"1805 CHEMIN SAINT-FRANCOIS",,"L957573","QC"
="6139","TR","Tractor (Semi)","4V4NC9EH5RN637163",,"1805 CHEMIN SAINT-FRANCOIS",,"L958303","QC"
="6140","TR","Tractor (Semi)","4V4NC9EH7RN637164",,"1805 CHEMIN SAINT-FRANCOIS",,"L889311","QC"
="6141","TR","Tractor (Semi)","4V4NC9EH9RN637165",,"1805 CHEMIN SAINT-FRANCOIS",,"L889306","QC"
="6142","TR","Tractor (Semi)","4V4NC9EH0RN637166",,"1805 CHEMIN SAINT-FRANCOIS",,"L889305","QC"
="6143","TR","Tractor (Semi)","4V4NC9EH2RN637167",,"1805 CHEMIN SAINT-FRANCOIS",,"L889309","QC"
="6144","TR","Tractor (Semi)","4V4NC9EH7RN637102",,"1805 CHEMIN SAINT-FRANCOIS",,"L994598","QC"
="6145","TR","Tractor (Semi)","4V4NC9EH5RN650589",,"1805 CHEMIN SAINT-FRANCOIS",,"L994597","QC"
="6146","TR","Tractor (Semi)","4V4NC9EH1RN650590",,"1805 CHEMIN SAINT-FRANCOIS",,"L994601","QC"
="6147","TR","Tractor (Semi)","4V4NC9EH3RN650591",,"1805 CHEMIN SAINT-FRANCOIS",,"L994600","QC"
="6148","TR","Tractor (Semi)","4V4NC9EH5RN650592",,"1805 CHEMIN SAINT-FRANCOIS",,"L994599","QC"
="6149","TR","Tractor (Semi)","4V4NC9EH7RN650593",,"1805 CHEMIN SAINT-FRANCOIS",,"L667612","QC"
="6150","TR","Tractor (Semi)","4V4NC9EH9RN650594",,"1805 CHEMIN SAINT-FRANCOIS",,"L667611","QC"
="6151","TR","Tractor (Semi)","4V4NC9EH1SN655603",,"1805 CHEMIN SAINT-FRANCOIS",,"L667610","QC"
="6152","TR","Tractor (Semi)","4V4NC9EHXSN655616",,"1805 CHEMIN SAINT-FRANCOIS",,"L667609","QC"
="6153","TR","Tractor (Semi)","4V4NC9EH7SN655623",,"1805 CHEMIN SAINT-FRANCOIS",,"L667613","QC"
="6154","TR","Tractor (Semi)","4V4BC9EH7TN698900",,"1805 CHEMIN SAINT-FRANCOIS",,"LE37326","QC"
="6155","TR","Tractor (Semi)","4V4BC9EH9TN698901",,"1805 CHEMIN SAINT-FRANCOIS",,"LE37327","QC"
="6156","TR","Tractor (Semi)","4V4BC9EH0TN698902",,"1805 CHEMIN SAINT-FRANCOIS",,"LE37329","QC"
="6157","TR","Tractor (Semi)","4V4BC9EH2TN698903",,"1805 CHEMIN SAINT-FRANCOIS",,"LE37325","QC"
="6158","TR","Tractor (Semi)","4V4BC9EH4TN698904",,"1805 CHEMIN SAINT-FRANCOIS",,"LE37328","QC"
="6159","TR","Tractor (Semi)","4V4BC9EH0VN724868",,"1805 CHEMIN SAINT-FRANCOIS",,"LE77433","QC"
="6160","TR","Tractor (Semi)","4V4BC9EH2VN724869",,"1805 CHEMIN SAINT-FRANCOIS",,"LE81207","QC"
="6161","TR","Tractor (Semi)","4V4BC9EH9VN724870",,"1805 CHEMIN SAINT-FRANCOIS",,"LE77434","QC"
="6162","TR","Tractor (Semi)","4V4BC9EH0VN724871",,"1805 CHEMIN SAINT-FRANCOIS",,"LE77435","QC"
="6163","TR","Tractor (Semi)","4V4BC9EH2VN724872",,"1805 CHEMIN SAINT-FRANCOIS",,"LE75505","QC"
="6164","TR","Tractor (Semi)","4V4BC9EH4VN724873",,"1805 CHEMIN SAINT-FRANCOIS",,"LE75506","QC"
="6165","TR","Tractor (Semi)","4V4BC9EH6VN724874",,"1805 CHEMIN SAINT-FRANCOIS",,"LE75507","QC"
="6166","TR","Tractor (Semi)","4V4BC9EH8VN724875",,"1805 CHEMIN SAINT-FRANCOIS",,"LE75508","QC"
="6167","TR","Tractor (Semi)","4V4BC9EHXVN724876",,"1805 CHEMIN SAINT-FRANCOIS",,"LE77436","QC"
="6168","TR","Tractor (Semi)","4V4BC9EH1VN724877",,"1805 CHEMIN SAINT-FRANCOIS",,"LE75509","QC"
="6169","TR","Tractor (Semi)","4V4BC9EH3VN724878",,"1805 CHEMIN SAINT-FRANCOIS",,"LE75510","QC"
="6170","TR","Tractor (Semi)","4V4BC9EH5VN724879",,"1805 CHEMIN SAINT-FRANCOIS",,"LE75511","QC"
="6171","TR","Tractor (Semi)","4V4BC9EH1VN724880",,"1805 CHEMIN SAINT-FRANCOIS",,"LE77437","QC"
="6172","TR","Tractor (Semi)","4V4BC9EH3VN724881",,"1805 CHEMIN SAINT-FRANCOIS",,"LE75512","QC"
="6173","TR","Tractor (Semi)","4V4BC9EH5VN724882",,"1805 CHEMIN SAINT-FRANCOIS",,"LE77438","QC"
="6174","TR","Tractor (Semi)","4V4BC9EH5VN724817",,"1805 CHEMIN SAINT-FRANCOIS",,"LE82819","QC"
="6175","TR","Tractor (Semi)","4V4BC9EH7VN724818",="1032862","1805 CHEMIN SAINT-FRANCOIS",,"LE82820","QC"
="6176","TR","Tractor (Semi)","4V4BC9EH9VN724819",="1032862","1805 CHEMIN SAINT-FRANCOIS",,"LE82821","QC"
="6177","TR","Tractor (Semi)","4V4BC9EH5VN724820",,"1805 CHEMIN SAINT-FRANCOIS",,"LE81208","QC"
="6178","TR","Tractor (Semi)","4V4BC9EH7VN724821",,"1805 CHEMIN SAINT-FRANCOIS",,"LE81209","QC"
="6179","TR","Tractor (Semi)","4V4BC9EH9VN724822",,"1805 CHEMIN SAINT-FRANCOIS",,"LE81210","QC"
="6180","TR","Tractor (Semi)","4V4BC9EH0VN724823",,"1805 CHEMIN SAINT-FRANCOIS",,"LE81211","QC"
="6181","TR","Tractor (Semi)","4V4BC9EH2VN724824",,"1805 CHEMIN SAINT-FRANCOIS",,"LE82822","QC"
="6182","TR","Tractor (Semi)","4V4BC9EH4VN724825",,"1805 CHEMIN SAINT-FRANCOIS",,"LE81212","QC"
="6183","TR","Tractor (Semi)","4V4BC9EH6VN724826",,"1805 CHEMIN SAINT-FRANCOIS",,"LE82823","QC"
="6184","TR","Tractor (Semi)","4V4BC9EH9VN724853",,"1805 CHEMIN SAINT-FRANCOIS",,"LE77439","QC"
="6185","TR","Tractor (Semi)","4V4BC9EH0VN724854",,"1805 CHEMIN SAINT-FRANCOIS",,"LE81213","QC"
="6186","TR","Tractor (Semi)","4V4BC9EH2VN724855",,"1805 CHEMIN SAINT-FRANCOIS",,"LE75513","QC"
="6187","TR","Tractor (Semi)","4V4BC9EH4VN724856",,"1805 CHEMIN SAINT-FRANCOIS",,"LE75514","QC"
="6188","TR","Tractor (Semi)","4V4BC9EH6VN724857",,"1805 CHEMIN SAINT-FRANCOIS",,"LE77440","QC"
="6189","TR","Tractor (Semi)","4V4BC9EH8VN724858",,"1805 CHEMIN SAINT-FRANCOIS",,"LE77441","QC"
="6190","TR","Tractor (Semi)","4V4BC9EHXVN724859",,"1805 CHEMIN SAINT-FRANCOIS",,"LE77442","QC"
="6191","TR","Tractor (Semi)","4V4BC9EH6VN724860",,"1805 CHEMIN SAINT-FRANCOIS",,"LE75515","QC"
="6192","TR","Tractor (Semi)","4V4BC9EH8VN724861",,"1805 CHEMIN SAINT-FRANCOIS",,"LE77443","QC"
="6193","TR","Tractor (Semi)","4V4BC9EHXVN724862",,"1805 CHEMIN SAINT-FRANCOIS",,"LE75516","QC"
="6194","TR","Tractor (Semi)","4V4BC9EH1VN724863",,"1805 CHEMIN SAINT-FRANCOIS",,"LE75517","QC"
="6195","TR","Tractor (Semi)","4V4BC9EH3VN724864",,"1805 CHEMIN SAINT-FRANCOIS",,"LE75519","QC"
="6196","TR","Tractor (Semi)","4V4BC9EH5VN724865",,"1805 CHEMIN SAINT-FRANCOIS",,"LE77444","QC"
="6197","TR","Tractor (Semi)","4V4BC9EH7VN724866",,"1805 CHEMIN SAINT-FRANCOIS",,"LE75520","QC"
="6198","TR","Tractor (Semi)","4V4BC9EH9VN724867",,"1805 CHEMIN SAINT-FRANCOIS",,"LE77446","QC"
="621","TR","Tractor (Semi)","4V4NC9EH1MN265426",,"1805 CHEMIN SAINT-FRANCOIS",,"L864641","QC"
="625","TR","Tractor (Semi)","4V4NC9EH3MN265430",,"1805 CHEMIN SAINT-FRANCOIS",,"L864645","QC"
="626","TR","Tractor (Semi)","4V4NC9EH5MN265431",,"1805 CHEMIN SAINT-FRANCOIS",,"L864809","QC"
="627","TR","Tractor (Semi)","4V4NC9EH7MN265432",="1032862","1805 CHEMIN SAINT-FRANCOIS",,"L858768","QC"
="628","TR","Tractor (Semi)","4V4NC9EH9MN265433",,"1805 CHEMIN SAINT-FRANCOIS",,"L864810","QC"
="629","TR","Tractor (Semi)","4V4NC9EH0MN265434",,"1805 CHEMIN SAINT-FRANCOIS",,"L864811","QC"
="631","TR","Tractor (Semi)","4V4NC9EH8MN265441",,"1805 CHEMIN SAINT-FRANCOIS",,"L881187","QC"
="632","TR","Tractor (Semi)","4V4NC9EHXMN265442",,"1805 CHEMIN SAINT-FRANCOIS",,"L881189","QC"
="633","TR","Tractor (Semi)","4V4NC9EH1MN265443",,"1805 CHEMIN SAINT-FRANCOIS",,"L881190","QC"
="634","TR","Tractor (Semi)","4V4NC9EH3MN265444",,"1805 CHEMIN SAINT-FRANCOIS",,"L881192","QC"
="635","TR","Tractor (Semi)","4V4NC9EH5MN265445",,"1805 CHEMIN SAINT-FRANCOIS",,"L881191","QC"
="636","TR","Tractor (Semi)","4V4NC9EH4MN265436",,"1805 CHEMIN SAINT-FRANCOIS",,"L872085","QC"
="637","TR","Tractor (Semi)","4V4NC9EH6MN265437",,"1805 CHEMIN SAINT-FRANCOIS",,"L872084","QC"
="638","TR","Tractor (Semi)","4V4NC9EH8MN265438",,"1805 CHEMIN SAINT-FRANCOIS",,"L872083","QC"
="639","TR","Tractor (Semi)","4V4NC9EHXMN265439",,"1805 CHEMIN SAINT-FRANCOIS",,"L872082","QC"
="640","TR","Tractor (Semi)","4V4NC9EH6MN265440",,"1805 CHEMIN SAINT-FRANCOIS",,"L872081","QC"
="641","TR","Tractor (Semi)","4V4NC9EH0NN288097",,"1805 CHEMIN SAINT-FRANCOIS",,"L906401","QC"
="642","TR","Tractor (Semi)","4V4NC9EH2NN288098",,"1805 CHEMIN SAINT-FRANCOIS",,"L906402","QC"
="643","TR","Tractor (Semi)","4V4NC9EH4NN288099",,"1805 CHEMIN SAINT-FRANCOIS",,"L906403","QC"
="644","TR","Tractor (Semi)","4V4NC9EH7NN288100",,"1805 CHEMIN SAINT-FRANCOIS",,"L906404","QC"
="645","TR","Tractor (Semi)","4V4NC9EH9NN288101",,"1805 CHEMIN SAINT-FRANCOIS",,"L906405","QC"
="646","TR","Tractor (Semi)","4V4NC9EH7NN288095",,"1805 CHEMIN SAINT-FRANCOIS",,"L864986","QC"
="647","TR","Tractor (Semi)","4V4NC9EH9NN288096",,"1805 CHEMIN SAINT-FRANCOIS",,"L815505","QC"
="648","TR","Tractor (Semi)","4V4NC9EH0NN288102",,"1805 CHEMIN SAINT-FRANCOIS",,"LE37303","QC"
="649","TR","Tractor (Semi)","4V4NC9EH2NN288103",,"1805 CHEMIN SAINT-FRANCOIS",,"L911263","QC"
="650","TR","Tractor (Semi)","4V4NC9EH4NN288104",,"1805 CHEMIN SAINT-FRANCOIS",,"L911265","QC"
="651","TR","Tractor (Semi)","4V4NC9EH6NN288105",,"1805 CHEMIN SAINT-FRANCOIS",,"L911094","QC"
="652","TR","Tractor (Semi)","4V4NC9EH8NN288106",,"1805 CHEMIN SAINT-FRANCOIS",,"L911264","QC"
="653","TR","Tractor (Semi)","4V4NC9EHXNN288107",,"1805 CHEMIN SAINT-FRANCOIS",,"L911260","QC"
="654","TR","Tractor (Semi)","4V4NC9EH1NN288108",,"1805 CHEMIN SAINT-FRANCOIS",,"L912566","QC"
="655","TR","Tractor (Semi)","4V4NC9EH3NN288109",,"1805 CHEMIN SAINT-FRANCOIS",,"L928728","QC"
="656","TR","Tractor (Semi)","4V4NC9EHXNN288110",="1032862","1805 CHEMIN SAINT-FRANCOIS",,"L911096","QC"
="657","TR","Tractor (Semi)","4V4NC9EH1NN288111",,"1805 CHEMIN SAINT-FRANCOIS",,"L911262","QC"
="658","TR","Tractor (Semi)","4V4NC9EH3NN288112",,"1805 CHEMIN SAINT-FRANCOIS",,"L911095","QC"
="659","TR","Tractor (Semi)","4V4NC9EH5NN288113",,"1805 CHEMIN SAINT-FRANCOIS",,"L911261","QC"
="660","TR","Tractor (Semi)","4V4NC9EH7NN288114",,"1805 CHEMIN SAINT-FRANCOIS",,"L913007","QC"
="661","TR","Tractor (Semi)","4V4NC9EH9NN288115",,"1805 CHEMIN SAINT-FRANCOIS",,"L912961","QC"
="662","TR","Tractor (Semi)","4V4NC9EH0NN288116",,"1805 CHEMIN SAINT-FRANCOIS",,"L912962","QC"
="663","TR","Tractor (Semi)","4V4NC9EH2NN288117",,"1805 CHEMIN SAINT-FRANCOIS",,"L912963","QC"
="664","TR","Tractor (Semi)","4V4NC9EH4NN288118",,"1805 CHEMIN SAINT-FRANCOIS",,"L913008","QC"
="665","TR","Tractor (Semi)","4V4NC9EH6NN288119",,"1805 CHEMIN SAINT-FRANCOIS",,"L912820","QC"
="666","TR","Tractor (Semi)","4V4NC9EH2NN288120",,"1805 CHEMIN SAINT-FRANCOIS",,"L912447","QC"
="667","TR","Tractor (Semi)","4V4NC9EH4NN288121",,"1805 CHEMIN SAINT-FRANCOIS",,"L979598","QC"
="668","TR","Tractor (Semi)","4V4NC9EH6NN288122",,"1805 CHEMIN SAINT-FRANCOIS",,"L912822","QC"
="669","TR","Tractor (Semi)","4V4NC9EH8NN288123",,"1805 CHEMIN SAINT-FRANCOIS",,"L912448","QC"
="670","TR","Tractor (Semi)","4V4NC9EHXNN288124",,"1805 CHEMIN SAINT-FRANCOIS",,"L928874","QC"
="671","TR","Tractor (Semi)","4V4NC9EH4NN309503",,"1805 CHEMIN SAINT-FRANCOIS",,"L939584","QC"
="672","TR","Tractor (Semi)","4V4NC9EH6NN309504",,"1805 CHEMIN SAINT-FRANCOIS",,"L769103","QC"
="673","TR","Tractor (Semi)","4V4NC9EH8NN309505",,"1805 CHEMIN SAINT-FRANCOIS",,"L939504","QC"
="674","TR","Tractor (Semi)","4V4NC9EH1NN309507",,"1805 CHEMIN SAINT-FRANCOIS",,"L972881","QC"
="675","TR","Tractor (Semi)","4V4NC9EH3NN309508",,"1805 CHEMIN SAINT-FRANCOIS",,"L939506","QC"
="676","TR","Tractor (Semi)","4V4NC9EH5NN309509",,"1805 CHEMIN SAINT-FRANCOIS",,"L939507","QC"
="677","TR","Tractor (Semi)","4V4NC9EH1NN309510",,"1805 CHEMIN SAINT-FRANCOIS",,"L939508","QC"
="678","TR","Tractor (Semi)","4V4NC9EH3NN309511",,"1805 CHEMIN SAINT-FRANCOIS",,"L939509","QC"
="679","TR","Tractor (Semi)","4V4NC9EH6PN309506",,"1805 CHEMIN SAINT-FRANCOIS",,"L947799","QC"
="680","TR","Tractor (Semi)","4V4NC9EH1PN309512",,"1805 CHEMIN SAINT-FRANCOIS",,"L947798","QC"
="681","TR","Tractor (Semi)","4V4NC9EH0PN319304",,"1805 CHEMIN SAINT-FRANCOIS",,"L947986","QC"
="683","TR","Tractor (Semi)","4V4NC9EH4PN322383",,"1805 CHEMIN SAINT-FRANCOIS",,"L954305","QC"
="684","TR","Tractor (Semi)","4V4NC9EH6PN322384",,"1805 CHEMIN SAINT-FRANCOIS",,"L954307","QC"
="685","TR","Tractor (Semi)","4V4NC9EH8PN322385",,"1805 CHEMIN SAINT-FRANCOIS",,"L954308","QC"
="686","TR","Tractor (Semi)","4V4NC9EHXPN322386",,"1805 CHEMIN SAINT-FRANCOIS",,"L962513","QC"
="687","TR","Tractor (Semi)","4V4NC9EH1PN322387",,"1805 CHEMIN SAINT-FRANCOIS",,"L956692","QC"
="688","TR","Tractor (Semi)","4V4NC9EH3PN322388",,"1805 CHEMIN SAINT-FRANCOIS",,"L960226","QC"
="689","TR","Tractor (Semi)","4V4NC9EH5PN322389",,"1805 CHEMIN SAINT-FRANCOIS",,"L956626","QC"
="690","TR","Tractor (Semi)","4V4NC9EH1PN322390",,"1805 CHEMIN SAINT-FRANCOIS",,"L960225","QC"
="691","TR","Tractor (Semi)","4V4NC9EH3PN322391",,"1805 CHEMIN SAINT-FRANCOIS",,"L960224","QC"
="692","TR","Tractor (Semi)","4V4NC9EH5PN322392",,"1805 CHEMIN SAINT-FRANCOIS",,"L952674","QC"
="693","TR","Tractor (Semi)","4V4NC9EH7PN322393",,"1805 CHEMIN SAINT-FRANCOIS",,"L952748","QC"
="694","TR","Tractor (Semi)","4V4NC9EH9PN322394",,"1805 CHEMIN SAINT-FRANCOIS",,"L952747","QC"
="695","TR","Tractor (Semi)","4V4NC9EH0PN322395",,"1805 CHEMIN SAINT-FRANCOIS",,"L952746","QC"
="696","TR","Tractor (Semi)","4V4NC9EH2PN322396",,"1805 CHEMIN SAINT-FRANCOIS",,"L962769","QC"
="697","TR","Tractor (Semi)","4V4NC9EH4PN322397",,"1805 CHEMIN SAINT-FRANCOIS",,"L952745","QC"
="698","TR","Tractor (Semi)","4V4NC9EH6PN322398",,"1805 CHEMIN SAINT-FRANCOIS",,"L952749","QC"
="699","TR","Tractor (Semi)","4V4NC9EH8PN322399",,"1805 CHEMIN SAINT-FRANCOIS",,"L962514","QC"
="709","TR","Tractor (Semi)","3AKJHHDR3KSKA0109",,"1805 CHEMIN SAINT-FRANCOIS",,"L815009","QC"
="7100","TR","Tractor (Semi)","3AKJHHDR9PSUR1100",,"1805 CHEMIN SAINT-FRANCOIS",,"L977401","QC"
="7101","TR","Tractor (Semi)","3AKJHHDR0PSUR1101",,"1805 CHEMIN SAINT-FRANCOIS",,"L977398","QC"
="7102","TR","Tractor (Semi)","3AKJHHDR2PSUR1102",,"1805 CHEMIN SAINT-FRANCOIS",,"L977404","QC"
="7103","TR","Tractor (Semi)","3AKJHHDR4PSUR1103",,"1805 CHEMIN SAINT-FRANCOIS",,"L985949","QC"
="7104","TR","Tractor (Semi)","3AKJHHDR6PSUR1104",,"1805 CHEMIN SAINT-FRANCOIS",,"L977405","QC"
="7105","TR","Tractor (Semi)","3AKJHHDR8PSUR1105",,"1805 CHEMIN SAINT-FRANCOIS",,"L977400","QC"
="7106","TR","Tractor (Semi)","3AKJHHDRXPSUR1106",,"1805 CHEMIN SAINT-FRANCOIS",,"L977403","QC"
="7107","TR","Tractor (Semi)","3AKJHHDR1PSUR1107",,"1805 CHEMIN SAINT-FRANCOIS",,"L977406","QC"
="7108","TR","Tractor (Semi)","3AKJHHDR3PSUR1108",,"1805 CHEMIN SAINT-FRANCOIS",,"L974338","QC"
="7109","TR","Tractor (Semi)","3AKJHHDR5PSUR1109",,"1805 CHEMIN SAINT-FRANCOIS",,"L974340","QC"
="7110","TR","Tractor (Semi)","3AKJHHDR1PSUR1110",,"1805 CHEMIN SAINT-FRANCOIS",,"L977397","QC"
="7111","TR","Tractor (Semi)","3AKJHHDR3PSUR1111",,"1805 CHEMIN SAINT-FRANCOIS",,"L974337","QC"
="7112","TR","Tractor (Semi)","3AKJHHDR5PSUR1112",,"1805 CHEMIN SAINT-FRANCOIS",,"L977399","QC"
="7113","TR","Tractor (Semi)","3AKJHHDR7PSUR1113",,"1805 CHEMIN SAINT-FRANCOIS",,"L974339","QC"
="7114","TR","Tractor (Semi)","3AKJHHDR4PSUR1070",,"1805 CHEMIN SAINT-FRANCOIS",,"L985948","QC"
="7115","TR","Tractor (Semi)","3AKJHHDR8RSVD4341",,"1805 CHEMIN SAINT-FRANCOIS",,"L959795","QC"
="71157","TR","Tractor (Semi)","3AKJHHDR2TSWJ2057",="1032862","1805 CHEMIN SAINT-FRANCOIS",,"LE45424","QC"
="7116","TR","Tractor (Semi)","3AKJHHDRXRSVD4342",,"1805 CHEMIN SAINT-FRANCOIS",,"L959794","QC"
="7117","TR","Tractor (Semi)","3AKJHHDRXRSUV5435",,"1805 CHEMIN SAINT-FRANCOIS",,"L889307","QC"
="7118","TR","Tractor (Semi)","3AKJHHDR3RSUV5437",,"1805 CHEMIN SAINT-FRANCOIS",,"L889304","QC"
="7119","TR","Tractor (Semi)","3AKJHHDR7RSUV5439",,"1805 CHEMIN SAINT-FRANCOIS",,"L889310","QC"
="7120","TR","Tractor (Semi)","3AKJHHDR3RSUV5440",,"1805 CHEMIN SAINT-FRANCOIS",,"L889312","QC"
="7121","TR","Tractor (Semi)","3AKJHHDR5RSUV5441",,"1805 CHEMIN SAINT-FRANCOIS",,"L889308","QC"
="7122","TR","Tractor (Semi)","3AKJHHDR7RSUV5442",,"1805 CHEMIN SAINT-FRANCOIS",,"L916825","QC"
="7123","TR","Tractor (Semi)","3AKJHHDR1RSUV5436",,"1805 CHEMIN SAINT-FRANCOIS",,"L951675","QC"
="7124","TR","Tractor (Semi)","3AKJHHDR5RSUV5438",,"1805 CHEMIN SAINT-FRANCOIS",,"L951695","QC"
="7125","TR","Tractor (Semi)","3AKJHHDR9RSUV5443",,"1805 CHEMIN SAINT-FRANCOIS",,"L951694","QC"
="7126","TR","Tractor (Semi)","3AKJHHDR0RSUV5444",,"1805 CHEMIN SAINT-FRANCOIS",,"L963994","QC"
="7127","TR","Tractor (Semi)","3AKJHHDR2RSUV5445",,"1805 CHEMIN SAINT-FRANCOIS",,"L963992","QC"
="7128","TR","Tractor (Semi)","3AKJHHDR4RSUV5446",,"1805 CHEMIN SAINT-FRANCOIS",,"L963993","QC"
="7129","TR","Tractor (Semi)","3AKJHHDR6RSUV5447",,"1805 CHEMIN SAINT-FRANCOIS",,"L963995","QC"
="7130","TR","Tractor (Semi)","3AKJHHDR6SSVR0272",,"1805 CHEMIN SAINT-FRANCOIS",,"L800088","QC"
="7131","TR","Tractor (Semi)","3AKJHHDR4SSVV5102",,"1805 CHEMIN SAINT-FRANCOIS",,"L800086","QC"
="7132","TR","Tractor (Semi)","3AKJHHDR6SSVV5103",,"1805 CHEMIN SAINT-FRANCOIS",,"L800087","QC"
="7133","TR","Tractor (Semi)","3AKJHHDR8SSVV5104",,"1805 CHEMIN SAINT-FRANCOIS",,"L800085","QC"
="7134","TR","Tractor (Semi)","3AKJHHDR9SSVP8827",,"1805 CHEMIN SAINT-FRANCOIS",,"L606276","QC"
="7135","TR","Tractor (Semi)","3AKJHHDR0SSVP8828",,"1805 CHEMIN SAINT-FRANCOIS",,"L606242","QC"
="7136","TR","Tractor (Semi)","3AKJHHDR2SSVP8829",,"1805 CHEMIN SAINT-FRANCOIS",,"L606224","QC"
="7137","TR","Tractor (Semi)","3AKJHHDR9SSVP8830",,"1805 CHEMIN SAINT-FRANCOIS",,"L606225","QC"
="7138","TR","Tractor (Semi)","3AKJHHDR0SSVP8831",,"1805 CHEMIN SAINT-FRANCOIS",,"L606241","QC"
="7139","TR","Tractor (Semi)","1FUJHHDR3TLWH8690",,"1805 CHEMIN SAINT-FRANCOIS",,"LE40801","QC"
="7140","TR","Tractor (Semi)","1FUJHHDR5TLWH8691",,"1805 CHEMIN SAINT-FRANCOIS",,"LE40810","QC"
="7141","TR","Tractor (Semi)","1FUJHHDR7TLWH8692",,"1805 CHEMIN SAINT-FRANCOIS",,"LE40805","QC"
="7142","TR","Tractor (Semi)","1FUJHHDR9TLWH8693",,"1805 CHEMIN SAINT-FRANCOIS",,"LE40804","QC"
="7143","TR","Tractor (Semi)","1FUJHHDR0TLWH8694",,"1805 CHEMIN SAINT-FRANCOIS",,"LE40803","QC"
="7144","TR","Tractor (Semi)","1FUJHHDR2TLWH8695",,"1805 CHEMIN SAINT-FRANCOIS",,"LE45423","QC"
="7145","TR","Tractor (Semi)","1FUJHHDR4TLWH8696",,"1805 CHEMIN SAINT-FRANCOIS",,"LE45428","QC"
="7146","TR","Tractor (Semi)","1FUJHHDR6TLWH8697",,"1805 CHEMIN SAINT-FRANCOIS",,"LE50246","QC"
="7147","TR","Tractor (Semi)","1FUJHHDR8TLWH8698",,"1805 CHEMIN SAINT-FRANCOIS",,"LE50245","QC"
="7148","TR","Tractor (Semi)","1FUJHHDRXTLWH8699",,"1805 CHEMIN SAINT-FRANCOIS",,"LE50244","QC"
="7149","TR","Tractor (Semi)","3AKJHHDR3TSWJ2049",,"1805 CHEMIN SAINT-FRANCOIS",,"LE40809","QC"
="7150","TR","Tractor (Semi)","3AKJHHDRXTSWJ2050",,"1805 CHEMIN SAINT-FRANCOIS",,"LE40802","QC"
="7151","TR","Tractor (Semi)","3AKJHHDR1TSWJ2051",,"1805 CHEMIN SAINT-FRANCOIS",,"LE40808","QC"
="7152","TR","Tractor (Semi)","3AKJHHDR3TSWJ2052",,"1805 CHEMIN SAINT-FRANCOIS",,"LE40806","QC"
="7153","TR","Tractor (Semi)","3AKJHHDR5TSWJ2053",,"1805 CHEMIN SAINT-FRANCOIS",,"LE40807","QC"
="7154","TR","Tractor (Semi)","3AKJHHDR7TSWJ2054",,"1805 CHEMIN SAINT-FRANCOIS",,"LE45426","QC"
="7155","TR","Tractor (Semi)","3AKJHHDR9TSWJ2055",,"1805 CHEMIN SAINT-FRANCOIS",,"LE45427","QC"
="7156","TR","Tractor (Semi)","3AKJHHDR0TSWJ2056",,"1805 CHEMIN SAINT-FRANCOIS",,"LE45425","QC"
="7157","TR","Tractor (Semi)","3AKJHHDR2TSWJ2057",,"1805 CHEMIN SAINT-FRANCOIS",,"LE45424","QC"
="7158","TR","Tractor (Semi)","3AKJHHDR4TSWJ2058",,"1805 CHEMIN SAINT-FRANCOIS",,"LE45429","QC"
="7159","TR","Tractor (Semi)","3AKJHHDR6TSWJ2059",,"1805 CHEMIN SAINT-FRANCOIS",,"LE45431","QC"
="716","TR","Tractor (Semi)","3AKJHHDR3NSMX0529",,"1805 CHEMIN SAINT-FRANCOIS",,"LE84590","QC"
="7160","TR","Tractor (Semi)","3AKJHHDR2TSWJ2060",,"1805 CHEMIN SAINT-FRANCOIS",,"LE45430","QC"
="7161","TR","Tractor (Semi)","3AKJHHDR4TSWJ2061",,"1805 CHEMIN SAINT-FRANCOIS",,"LE45422","QC"
="7162","TR","Tractor (Semi)","3AKJHHDR6TSWJ2062",,"1805 CHEMIN SAINT-FRANCOIS",,"LE50242","QC"
="7163","TR","Tractor (Semi)","3AKJHHDR8TSWJ2063",,"1805 CHEMIN SAINT-FRANCOIS",,"LE50241","QC"
="7164","TR","Tractor (Semi)","3AKJHHDRXTSWJ2064",,"1805 CHEMIN SAINT-FRANCOIS",,"LE50240","QC"
="7165","TR","Tractor (Semi)","1FUJHHDR2TLWH8700",,"1805 CHEMIN SAINT-FRANCOIS",,"LE50239","QC"
="7166","TR","Tractor (Semi)","1FUJHHDR4TLWH8701",,"1805 CHEMIN SAINT-FRANCOIS",,"LE50238","QC"
="7167","TR","Tractor (Semi)","1FUJHHDR6TLWH8702",,"1805 CHEMIN SAINT-FRANCOIS",,"LE50237","QC"
="7168","TR","Tractor (Semi)","1FUJHHDR8TLWH8703",,"1805 CHEMIN SAINT-FRANCOIS",,"LE50236","QC"
="722","TR","Tractor (Semi)","3AKJHHDR9NSMX0552",,"1805 CHEMIN SAINT-FRANCOIS",,"L913322","QC"
="725","TR","Tractor (Semi)","3AKJHHDR8NSMX0557",="1032862","1805 CHEMIN SAINT-FRANCOIS",,"L928912","QC"
="726","TR","Tractor (Semi)","3AKJHHDR1NSMX0559",="1032862","1805 CHEMIN SAINT-FRANCOIS",,"L913386","QC"
="727","TR","Tractor (Semi)","3AKJHHDR7NSMX0565",,"1805 CHEMIN SAINT-FRANCOIS",,"L913327","QC"
="728","TR","Tractor (Semi)","3AKJHHDR9NSMX0566",,"1805 CHEMIN SAINT-FRANCOIS",,"L913328","QC"
="729","TR","Tractor (Semi)","3AKJHHDR0NSMX0567",,"1805 CHEMIN SAINT-FRANCOIS",,"L913329","QC"
="730","TR","Tractor (Semi)","3AKJHHDR2NSMX0568",,"1805 CHEMIN SAINT-FRANCOIS",,"L913330","QC"
="731","TR","Tractor (Semi)","3AKJHHDR4NSMX0569",,"1805 CHEMIN SAINT-FRANCOIS",,"L913331","QC"
="732","TR","Tractor (Semi)","3AKJHHDR7NSMX0579",,"1805 CHEMIN SAINT-FRANCOIS",,"L913332","QC"
="733","TR","Tractor (Semi)","3AKJHHDR3NSMX0580",,"1805 CHEMIN SAINT-FRANCOIS",,"L913363","QC"
="734","TR","Tractor (Semi)","3AKJHHDR8NSNC0305",="1032862","1805 CHEMIN SAINT-FRANCOIS",,"L930013","QC"
="735","TR","Tractor (Semi)","3AKJHHDRXNSNC0306",,"1805 CHEMIN SAINT-FRANCOIS",,"L930293","QC"
="736","TR","Tractor (Semi)","3AKJHHDR1NSNC0307",,"1805 CHEMIN SAINT-FRANCOIS",,"L930178","QC"
="737","TR","Tractor (Semi)","3AKJHHDR3NSNC0308",,"1805 CHEMIN SAINT-FRANCOIS",,"L930102","QC"
="738","TR","Tractor (Semi)","3AKJHHDR5NSNC0309",,"1805 CHEMIN SAINT-FRANCOIS",,"L930014","QC"
="739","TR","Tractor (Semi)","3AKJHHDR1NSNC0310",,"1805 CHEMIN SAINT-FRANCOIS",,"L930015","QC"
="740","TR","Tractor (Semi)","3AKJHHDR3NSNC0311",,"1805 CHEMIN SAINT-FRANCOIS",,"L939502","QC"
="741","TR","Tractor (Semi)","3AKJHHDR5NSNC0312",,"1805 CHEMIN SAINT-FRANCOIS",,"L939503","QC"
="742","TR","Tractor (Semi)","1FUJHHDR1NLNC0528",,"1805 CHEMIN SAINT-FRANCOIS",,"L928726","QC"
="743","TR","Tractor (Semi)","1FUJHHDR3NLNC0529",,"1805 CHEMIN SAINT-FRANCOIS",,"L928727","QC"
="744","TR","Tractor (Semi)","1FUJHHDRXNLNC0530",,"1805 CHEMIN SAINT-FRANCOIS",,"L930282","QC"
="745","TR","Tractor (Semi)","1FUJHHDR1NLNC0531",,"1805 CHEMIN SAINT-FRANCOIS",,"L930016","QC"
="746","TR","Tractor (Semi)","1FUJHHDR3NLNC0532",,"1805 CHEMIN SAINT-FRANCOIS",,"L932112","QC"
="747","TR","Tractor (Semi)","1FUJHHDR5NLNC0533",,"1805 CHEMIN SAINT-FRANCOIS",,"L930176","QC"
="748","TR","Tractor (Semi)","1FUJHHDR7NLNC0534",,"1805 CHEMIN SAINT-FRANCOIS",,"L930292","QC"
="749","TR","Tractor (Semi)","3AKJHHDR8PSNW2111",,"1805 CHEMIN SAINT-FRANCOIS",,"L969273","QC"
="750","TR","Tractor (Semi)","3AKJHHDRXPSNW2112",,"1805 CHEMIN SAINT-FRANCOIS",,"L962774","QC"
="751","TR","Tractor (Semi)","3AKJHHDR1PSNW2113",,"1805 CHEMIN SAINT-FRANCOIS",,"L799503","QC"
="752","TR","Tractor (Semi)","3AKJHHDR3PSNW2114",,"1805 CHEMIN SAINT-FRANCOIS",,"L962550","QC"
="753","TR","Tractor (Semi)","3AKJHHDR5PSNW2115",,"1805 CHEMIN SAINT-FRANCOIS",,"L962691","QC"
="754","TR","Tractor (Semi)","3AKJHHDR7PSNW2116",,"1805 CHEMIN SAINT-FRANCOIS",,"L962690","QC"
="755","TR","Tractor (Semi)","3AKJHHDR9PSNW2117",,"1805 CHEMIN SAINT-FRANCOIS",,"L952751","QC"
="756","TR","Tractor (Semi)","3AKJHHDR0PSNW2118",,"1805 CHEMIN SAINT-FRANCOIS",,"L952752","QC"
="757","TR","Tractor (Semi)","3AKJHHDR2PSNW2119",,"1805 CHEMIN SAINT-FRANCOIS",,"L962689","QC"
="758","TR","Tractor (Semi)","3AKJHHDR9PSNW2120",,"1805 CHEMIN SAINT-FRANCOIS",,"L952750","QC"
="759","TR","Tractor (Semi)","3AKJHHDR0PSNW2121",,"1805 CHEMIN SAINT-FRANCOIS",,"L962776","QC"
="760","TR","Tractor (Semi)","3AKJHHDR2PSNW2122",,"1805 CHEMIN SAINT-FRANCOIS",,"L962777","QC"
="761","TR","Tractor (Semi)","3AKJHHDR4PSNW2123",,"1805 CHEMIN SAINT-FRANCOIS",,"L969294","QC"
="762","TR","Tractor (Semi)","3AKJHHDR6PSNW2124",,"1805 CHEMIN SAINT-FRANCOIS",,"L964326","QC"
="763","TR","Tractor (Semi)","3AKJHHDR8PSNW2125",,"1805 CHEMIN SAINT-FRANCOIS",,"L962778","QC"
="764","TR","Tractor (Semi)","3AKJHHDR6PSNX0921",,"1805 CHEMIN SAINT-FRANCOIS",,"L956854","QC"
="765","TR","Tractor (Semi)","3AKJHHDR8PSNX0922",,"1805 CHEMIN SAINT-FRANCOIS",,"L962687","QC"
="766","TR","Tractor (Semi)","3AKJHHDR9PSUD0227",,"1805 CHEMIN SAINT-FRANCOIS",,"L959800","QC"
="767","TR","Tractor (Semi)","3AKJHHDR0PSUD0228",,"1805 CHEMIN SAINT-FRANCOIS",,"L969293","QC"
="768","TR","Tractor (Semi)","3AKJHHDR2PSUD0229",,"1805 CHEMIN SAINT-FRANCOIS",,"L964327","QC"
="769","TR","Tractor (Semi)","3AKJHHDR9PSUD0230",,"1805 CHEMIN SAINT-FRANCOIS",,"L964328","QC"
="770","TR","Tractor (Semi)","3AKJHHDR0PSUD0231",,"1805 CHEMIN SAINT-FRANCOIS",,"L969292","QC"
="771","TR","Tractor (Semi)","3AKJHHDR6PSUR1071",,"1805 CHEMIN SAINT-FRANCOIS",,"L968182","QC"
="772","TR","Tractor (Semi)","3AKJHHDR8PSUR1072",,"1805 CHEMIN SAINT-FRANCOIS",,"L968183","QC"
="773","TR","Tractor (Semi)","3AKJHHDRXPSUR1073",,"1805 CHEMIN SAINT-FRANCOIS",,"L968184","QC"
="774","TR","Tractor (Semi)","3AKJHHDR1PSUR1074",,"1805 CHEMIN SAINT-FRANCOIS",,"L968148","QC"
="775","TR","Tractor (Semi)","3AKJHHDR3PSUR1075",,"1805 CHEMIN SAINT-FRANCOIS",,"L984337","QC"
="776","TR","Tractor (Semi)","3AKJHHDR5PSUR1076",,"1805 CHEMIN SAINT-FRANCOIS",,"L984338","QC"
="777","TR","Tractor (Semi)","3AKJHHDR7PSUR1077",,"1805 CHEMIN SAINT-FRANCOIS",,"L973441","QC"
="778","TR","Tractor (Semi)","3AKJHHDR9PSUR1078",,"1805 CHEMIN SAINT-FRANCOIS",,"L977394","QC"
="779","TR","Tractor (Semi)","3AKJHHDR0PSUR1079",,"1805 CHEMIN SAINT-FRANCOIS",,"L977395","QC"
="780","TR","Tractor (Semi)","3AKJHHDR7PSUR1080",,"1805 CHEMIN SAINT-FRANCOIS",,"L984331","QC"
="781","TR","Tractor (Semi)","3AKJHHDR9PSUR1081",,"1805 CHEMIN SAINT-FRANCOIS",,"L974332","QC"
="782","TR","Tractor (Semi)","3AKJHHDR0PSUR1082",,"1805 CHEMIN SAINT-FRANCOIS",,"L973442","QC"
="783","TR","Tractor (Semi)","3AKJHHDR2PSUR1083",,"1805 CHEMIN SAINT-FRANCOIS",,"L984336","QC"
="784","TR","Tractor (Semi)","3AKJHHDR4PSUR1084",,"1805 CHEMIN SAINT-FRANCOIS",,"L968149","QC"
="785","TR","Tractor (Semi)","3AKJHHDR6PSUR1085",,"1805 CHEMIN SAINT-FRANCOIS",,"L984339","QC"
="786","TR","Tractor (Semi)","3AKJHHDR8PSUR1086",,"1805 CHEMIN SAINT-FRANCOIS",,"L974335","QC"
="787","TR","Tractor (Semi)","3AKJHHDRXPSUR1087",,"1805 CHEMIN SAINT-FRANCOIS",,"L974336","QC"
="788","TR","Tractor (Semi)","3AKJHHDR1PSUR1088",,"1805 CHEMIN SAINT-FRANCOIS",,"L977393","QC"
="789","TR","Tractor (Semi)","3AKJHHDR3PSUR1089",,"1805 CHEMIN SAINT-FRANCOIS",,"L974333","QC"
="790","TR","Tractor (Semi)","3AKJHHDRXPSUR1090",,"1805 CHEMIN SAINT-FRANCOIS",,"L984333","QC"
="791","TR","Tractor (Semi)","3AKJHHDR1PSUR1091",,"1805 CHEMIN SAINT-FRANCOIS",,"L984332","QC"
="792","TR","Tractor (Semi)","3AKJHHDR3PSUR1092",,"1805 CHEMIN SAINT-FRANCOIS",,"L968150","QC"
="794","TR","Tractor (Semi)","3AKJHHDR7PSUR1094",,"1805 CHEMIN SAINT-FRANCOIS",,"L977396","QC"
="795","TR","Tractor (Semi)","3AKJHHDR9PSUR1095",,"1805 CHEMIN SAINT-FRANCOIS",,"L944481","QC"
="796","TR","Tractor (Semi)","3AKJHHDR0PSUR1096",,"1805 CHEMIN SAINT-FRANCOIS",,"L974334","QC"
="797","TR","Tractor (Semi)","3AKJHHDR2PSUR1097",,"1805 CHEMIN SAINT-FRANCOIS",,"L985975","QC"
="798","TR","Tractor (Semi)","3AKJHHDR4PSUR1098",="1032862","1805 CHEMIN SAINT-FRANCOIS",,"L985947","QC"
="799","TR","Tractor (Semi)","3AKJHHDR6PSUR1099",="1032862","1805 CHEMIN SAINT-FRANCOIS",,"L985945","QC"
"O","TR","Tractor (Semi)","3AKJHHDR8SSVV5104",,"1805 CHEMIN SAINT-FRANCOIS",,"L800085","QC"
"OE","TR","Tractor (Semi)","3AKJHHDR3PSUR1108",,"1805 CHEMIN SAINT-FRANCOIS",,"L974338","QC"
"ST1310","TR","Tractor (Semi)","3AKJHHDRXPSUL4100",,"1805 CHEMIN SAINT-FRANCOIS",,"PB20628","ON"
